foodcourt,restaurant,restaurantmenuitem,accuracy_deepar_multi,accuracy_deepar_uni
5b964b50a6fb5422abb2fda7,5b964a709153de1766fcf94c,65774ecf4fb51d001be77c5b,1,0.571428571
5b964b50a6fb5422abb2fda7,5b964a709153de1766fcf94c,65774ecf4fb51d001be77c77,0.979591837,0.428571429
5b964b50a6fb5422abb2fda7,5c406ac021301e2fa8093d09,646b51e03d50300018af7f17,0.96749075,0.571428571
5b964b50a6fb5422abb2fda7,5c406ac021301e2fa8093d09,646b51e03d50300018af7f1e,0.966152868,0.714285714
5b964b50a6fb5422abb2fda7,5c406ac021301e2fa8093d09,646b51e03d50300018af7f21,0.956709957,0.428571429
5e454d189475ce03ce996662,5e46386d820a5c0b7762703a,65ae14b78d7d8f001be02b16,0.953823155,0.857142857
5e454d189475ce03ce996662,5e46386d820a5c0b7762703a,65ae14b78d7d8f001be02b1d,0.952953813,0.571428571
5e454d189475ce03ce996662,5e46386d820a5c0b7762703a,65ae14b78d7d8f001be02b21,0.952380952,0.571428571
5e454d189475ce03ce996662,5e46386d820a5c0b7762703a,65ae14b78d7d8f001be02b2d,0.951497792,0.714285714
5e454d189475ce03ce996662,5e46386d820a5c0b7762703a,65b8bd6d4a13070017386f04,0.950947949,0.714285714
5e454d189475ce03ce996662,5e46386d820a5c0b7762703a,65b8bd6d4a13070017386f0e,0.949852304,0.857142857
5e454d189475ce03ce996662,5e46386d820a5c0b7762703a,65b8bd6e4a13070017386f2d,0.945265985,0.857142857
5e454d189475ce03ce996662,5e46386d820a5c0b7762703a,65ba1cb24314c6001b42225a,0.944427091,0.788796746
5e454d189475ce03ce996662,5e46386d820a5c0b7762703a,65ba1cb24314c6001b42225b,0.944312759,0.814963203
5e454d189475ce03ce996662,5e46386d820a5c0b7762703a,65ba1cb24314c6001b422294,0.944084619,0.865312188
5e454d189475ce03ce996662,5e46386d820a5c0b7762703a,65ba1cb24314c6001b422298,0.939453362,0.571428571
5e454d189475ce03ce996662,5e463f6d84990c02f058a44c,65698f61e1523400118e6c4c,0.938798547,0.792857143
5e454d189475ce03ce996662,5e463f6d84990c02f058a44c,65698f61e1523400118e6c5c,0.935060135,0.741496599
5e454d189475ce03ce996662,5e463f6d84990c02f058a44c,65698f61e1523400118e6c79,0.931216479,0.690909091
5e454d189475ce03ce996662,5e463f6d84990c02f058a44c,65698f61e1523400118e6c88,0.93096683,0.631746032
5e454d189475ce03ce996662,634ceb56ac2f504b6499bb57,658d255a09d576001b36b62e,0.929706071,0.623469388
5e454d189475ce03ce996662,634ceb56ac2f504b6499bb57,658d255a09d576001b36b630,0.929421769,0.666666667
5e454d189475ce03ce996662,634ceb56ac2f504b6499bb57,658d255a09d576001b36b63a,0.926406926,0.571428571
5e454d189475ce03ce996662,634ceb56ac2f504b6499bb57,658d255a09d576001b36b647,0.923341837,0.285714286
5e454d189475ce03ce996662,634ceb56ac2f504b6499bb57,658d255a09d576001b36b648,0.923076923,0.321428571
5e454d189475ce03ce996662,634ceb56ac2f504b6499bb57,658d255a09d576001b36b652,0.921704009,0.744047619
5e454d189475ce03ce996662,634ceb56ac2f504b6499bb57,658d255a09d576001b36b653,0.921675039,0.357142857
5f3652cde091b809e2467d96,6004167c1595960a72f31707,643fbd6ff639e90017a2379c,0.920276581,0.549206349
5f3652cde091b809e2467d96,6004167c1595960a72f31707,643fbd6ff639e90017a237a0,0.919702881,0.886087643
5f3652cde091b809e2467d96,6004167c1595960a72f31707,643fbd70f639e90017a237ab,0.919480519,0.5
5f3652cde091b809e2467d96,6004167c1595960a72f31707,647d8c7fb733e9001b5027fc,0.919144561,0.64599173
5f3652cde091b809e2467d96,6004167c1595960a72f31707,647d8c7fb733e9001b502809,0.916666667,0.530612245
5f3652cde091b809e2467d96,60599bd4b6dfef46f7241fef,646deaeddab717001b948d4f,0.915917374,0.665895508
5f3652cde091b809e2467d96,60599bd4b6dfef46f7241fef,646deaeddab717001b948d53,0.915584416,0.803903339
5f3652cde091b809e2467d96,60599bd4b6dfef46f7241fef,646deaeedab717001b948d7a,0.915366146,0.4252928
5f3652cde091b809e2467d96,60599bd4b6dfef46f7241fef,646deaeedab717001b948dc1,0.914371581,0.285714286
5f3652cde091b809e2467d96,6296dc1c8eeb0973341fc168,646de6dbdab717001b948cfc,0.913871505,0.714285714
5f3652cde091b809e2467d96,6296dc1c8eeb0973341fc168,647b5a87b733e9001b501ce3,0.913422105,0.706837818
5f3652cde091b809e2467d96,629b32fde44c8e62a76400f7,64259a97c2b9d60017dbf0ca,0.913390205,0.731763475
5f3652cde091b809e2467d96,629b32fde44c8e62a76400f7,64259a97c2b9d60017dbf0dc,0.912087912,0.791496599
5f3652cde091b809e2467d96,629b32fde44c8e62a76400f7,64259a97c2b9d60017dbf0f6,0.911522148,0.735845107
5f3652cde091b809e2467d96,64eca95e15331c001857629b,65717d8b187602001bd26641,0.910714286,0.857142857
5f3652cde091b809e2467d96,659e78e5b1bc68001a7d2e9b,659e7ccc287ad900177e80d5,0.910686513,0.857142857
5ff7314b1c2beb0c55c7e503,5ff732a31595960a72f28f6b,650558affd66ea001b6dfb2b,0.910204082,0.717844061
5ff7314b1c2beb0c55c7e503,5ff732a31595960a72f28f6b,650558b0fd66ea001b6dfb31,0.909774436,0.898351648
5ff7314b1c2beb0c55c7e503,5ff732a31595960a72f28f6b,650558b0fd66ea001b6dfb3b,0.90952381,0.559981685
5ff7314b1c2beb0c55c7e503,5ff732a31595960a72f28f6b,650558b0fd66ea001b6dfb4f,0.908330876,0.917293233
5ff7314b1c2beb0c55c7e503,5ff732a31595960a72f28f6b,650558b0fd66ea001b6dfb59,0.908117762,0.748093083
5ff7314b1c2beb0c55c7e503,5ff732a31595960a72f28f6b,6566efbc746fa3001c0034b4,0.908098084,0.623015873
605037bf0fc3830497b79f23,605039a60fc3830497b79f2e,6438c982c387c7001bc5dfdc,0.907936508,0.67244898
605037bf0fc3830497b79f23,605039a60fc3830497b79f2e,6438c982c387c7001bc5dfe1,0.907142857,0.37414966
60503811f7ec2b05cc8cd439,60503a9ff7ec2b05cc8cd446,63fd7dccecea05001bcf80b6,0.90701302,0.578231293
60503811f7ec2b05cc8cd439,60503a9ff7ec2b05cc8cd446,63fd7dcdecea05001bcf80bf,0.9066829,0.285714286
60503811f7ec2b05cc8cd439,60503a9ff7ec2b05cc8cd446,63fd7dcdecea05001bcf80c1,0.906547892,0.666666667
60503811f7ec2b05cc8cd439,63c101e857c42200179bbeb0,6438eabb850c2c00177a1d31,0.905952381,0.415873016
60503811f7ec2b05cc8cd439,64885729901600001bd61299,63fd7dccecea05001bcf806a,0.905615089,0.430672269
60503811f7ec2b05cc8cd439,64885729901600001bd61299,64885f42f07e1a001757cc63,0.905358977,0.683924257
60503811f7ec2b05cc8cd439,64885729901600001bd61299,64885f5d901600001bd612ba,0.904123496,0.488211244
60503811f7ec2b05cc8cd439,64885729901600001bd61299,64885fb2901600001bd612c1,0.903896104,0.571428571
60503811f7ec2b05cc8cd439,64885729901600001bd61299,651bc72deab5a8001b85e03a,0.901547752,0.349206349
60503811f7ec2b05cc8cd439,64d320aeccff09001c48b8d4,64d3224c30769e001b1c4adb,0.90136803,0.857142857
60503811f7ec2b05cc8cd439,64d320aeccff09001c48b8d4,64d3229d30769e001b1c4ae3,0.9004329,0.857142857
6051d1f64ec6952ca5b45dba,6053268e4ec6952ca5b46330,619dbe52af9b4e30f3da5553,0.900226757,0.836954984
6051d1f64ec6952ca5b45dba,6053268e4ec6952ca5b46330,647d61cfb733e9001b5020d1,0.9,0.448979592
6051d1f64ec6952ca5b45dba,6053268e4ec6952ca5b46330,647d61cfb733e9001b5020d6,0.899941293,0.423376623
6051d1f64ec6952ca5b45dba,626f96886ea9037357d4496d,6538e228dbc93a001b28e814,0.899234694,0.476190476
6051d1f64ec6952ca5b45dba,6376054fc09df47d4015b813,642a5467be27fc00173ac422,0.898584928,0.620988689
6051d1f64ec6952ca5b45dba,6376054fc09df47d4015b813,642a5467be27fc00173ac427,0.897929347,0.418367347
6051d1f64ec6952ca5b45dba,6376054fc09df47d4015b813,642a5467be27fc00173ac428,0.897729085,0.806153102
6051d1f64ec6952ca5b45dba,6376054fc09df47d4015b813,642a5467be27fc00173ac434,0.897619048,0.852869353
6051d1f64ec6952ca5b45dba,6376054fc09df47d4015b813,647d69c33231c30017b6f2a9,0.897359059,0.858137528
6051d1f64ec6952ca5b45dba,6376054fc09df47d4015b813,647d69c33231c30017b6f2af,0.896825397,0.747863248
6051d1f64ec6952ca5b45dba,659e78e5b1bc68001a7d2e9b,659e7ccc287ad900177e80d5,0.896710432,0.857142857
6053428bab9cfa30be36b00e,6061b4605518941d454cbc11,63fef2de384fed00177a5e4d,0.895883777,0.683861542
6053428bab9cfa30be36b00e,6061b4605518941d454cbc11,63fef2de384fed00177a5e54,0.895238095,0.571428571
6053428bab9cfa30be36b00e,6061b4605518941d454cbc11,63fef2df384fed00177a5e79,0.894854885,0.428571429
6053428bab9cfa30be36b00e,6061b4605518941d454cbc11,63fef2df384fed00177a5e8f,0.894656413,0.777777778
6053428bab9cfa30be36b00e,6061b4605518941d454cbc11,63fef2df384fed00177a5e93,0.894480519,0.428571429
6053428bab9cfa30be36b00e,6061b4605518941d454cbc11,63fef2df384fed00177a5eb9,0.894285714,0.654945108
6053428bab9cfa30be36b00e,6061b4605518941d454cbc11,63fef6e5f69c61001701b014,0.894202899,0.714285714
6053428bab9cfa30be36b00e,6061b4605518941d454cbc11,655323630f48b1001bbec31d,0.893939394,0.380952381
6053428bab9cfa30be36b00e,6061b4605518941d454cbc11,6553250e53ba7b00177ea68c,0.893939394,0.844339947
6053428bab9cfa30be36b00e,62555f02b89e13678756ca62,643838c6c387c7001bc5da2e,0.893840063,0.428571429
6053428bab9cfa30be36b00e,64d320aeccff09001c48b8d4,64d3224c30769e001b1c4adb,0.893339629,0.857142857
6053428bab9cfa30be36b00e,64d320aeccff09001c48b8d4,64d3229d30769e001b1c4ae3,0.893290043,0.857142857
60587d3eb6dfef46f7241a34,64c202e60303800011c89dff,64c228f14842f500121f7074,0.892857143,0.723308271
60587d3eb6dfef46f7241a34,64c202e60303800011c89dff,64d08471866e7c001ba6683e,0.892857143,0.782251082
60587d3eb6dfef46f7241a34,64c202e60303800011c89dff,64d08678443198001b0d9b11,0.892759009,0.686128997
60587d3eb6dfef46f7241a34,652e60520c07dc00113fa720,659bfca5649b99001be13496,0.892503536,0.714285714
60587d3eb6dfef46f7241a34,652e60520c07dc00113fa720,659bfe888933d00017f8272e,0.892457318,0.571428571
60587d3eb6dfef46f7241a34,659e78e5b1bc68001a7d2e9b,65c1ac41a81c2b001b4af08f,0.889033547,0.857142857
6059d3ddb6dfef46f7242113,59a7a9ec368512751a29375e,64bcb2f457ee4b001bf6b449,0.888932496,0.659863946
6059d3ddb6dfef46f7242113,59a7a9ec368512751a29375e,64bcb2f457ee4b001bf6b46b,0.888514188,0.776909482
6059d3ddb6dfef46f7242113,59a7a9ec368512751a29375e,64bcb2f457ee4b001bf6b470,0.887755102,0.845733562
6059d3ddb6dfef46f7242113,59a7a9ec368512751a29375e,64bcb2f557ee4b001bf6b475,0.887218045,0.82790875
6059d3ddb6dfef46f7242113,59a7a9ec368512751a29375e,64bcb2f557ee4b001bf6b476,0.887218045,0.755057579
6059dc59b6dfef46f7242122,60619862521d242d91839eb7,64bcb33f78eb5500179c9777,0.886970173,0.859254912
6059dc59b6dfef46f7242122,60619862521d242d91839eb7,64bcb33f78eb5500179c9786,0.886185243,0.697629498
6059dc59b6dfef46f7242122,60619862521d242d91839eb7,64bcb33f78eb5500179c978f,0.886160714,0.761781477
6059dc59b6dfef46f7242122,60619862521d242d91839eb7,64bcb33f78eb5500179c9794,0.88474026,0.679365079
6059dc59b6dfef46f7242122,60619862521d242d91839eb7,64bcb33f78eb5500179c9799,0.883458647,0.531385281
6059dc59b6dfef46f7242122,60619862521d242d91839eb7,64bcb33f78eb5500179c979a,0.882186487,0.687763277
6059dc59b6dfef46f7242122,60619862521d242d91839eb7,64bcb33f78eb5500179c979d,0.88172689,0.857142857
6059dc59b6dfef46f7242122,60619862521d242d91839eb7,64bcb33f78eb5500179c97a0,0.881673882,0.917902161
6059dc59b6dfef46f7242122,60619862521d242d91839eb7,64d616c933c4d400173647ac,0.880952381,0.714285714
6059dca8b6dfef46f7242125,606197ff5518941d454cbbe1,64bcb35678eb5500179c9817,0.880792412,0.85123253
6059dca8b6dfef46f7242125,606197ff5518941d454cbbe1,64bcb35678eb5500179c981d,0.880401003,0.710754009
6059dca8b6dfef46f7242125,606197ff5518941d454cbbe1,64bcb35678eb5500179c9833,0.880272109,0.713293651
6059dca8b6dfef46f7242125,606197ff5518941d454cbbe1,64bcb35678eb5500179c9840,0.880200568,0.944377751
6059dca8b6dfef46f7242125,606197ff5518941d454cbbe1,64bcb35678eb5500179c9845,0.880070547,0.285714286
6059dca8b6dfef46f7242125,606197ff5518941d454cbbe1,64bcb35778eb5500179c988c,0.880066014,0.744897959
6059dca8b6dfef46f7242125,606197ff5518941d454cbbe1,64bcb35778eb5500179c988d,0.879692822,0.833333333
6059dd1976d435554d8d7e43,624a93676801282472b2eebd,64bcb36f67e5c4001783a998,0.877633478,0.883229096
6059dd1976d435554d8d7e43,624a93676801282472b2eebd,64bcb36f67e5c4001783a9a3,0.877416424,0.534453782
6059dd1976d435554d8d7e43,624a93676801282472b2eebd,64bcb36f67e5c4001783a9a6,0.877201245,0.557865818
6059dd1976d435554d8d7e43,624a93676801282472b2eebd,64bcb36f67e5c4001783a9b3,0.875695733,0.624716553
6059dd1976d435554d8d7e43,624a93676801282472b2eebd,64bcb36f67e5c4001783a9cd,0.875628632,0.677603099
60f172e2d1b6e328e744cf65,622f1643edb3c44fb67cca33,64f2fd8f9d34a3001730c007,0.873915558,0.72083149
60f172e2d1b6e328e744cf65,622f1643edb3c44fb67cca33,64f2fd8f9d34a3001730c00a,0.873323649,0.714285714
60f172e2d1b6e328e744cf65,622f1643edb3c44fb67cca33,64f2fd8f9d34a3001730c013,0.873015873,0.907873761
60f172e2d1b6e328e744cf65,622f1643edb3c44fb67cca33,64f2fd8f9d34a3001730c01e,0.872624332,0.737445887
60f172e2d1b6e328e744cf65,64c87bc1ec6f6f001b6d7ba7,64f301124c59cf001197464f,0.872515528,0.827711535
60f172e2d1b6e328e744cf65,64c87bc1ec6f6f001b6d7ba7,64f301124c59cf0011974650,0.871870794,0.547619048
60f172e2d1b6e328e744cf65,64c87bc1ec6f6f001b6d7ba7,64f301124c59cf0011974651,0.871103617,0.766223156
60f172e2d1b6e328e744cf65,64c87bc1ec6f6f001b6d7ba7,6502e58c4965a6001be6ce0c,0.870536649,0.587301587
60f172e2d1b6e328e744cf65,64c87bc1ec6f6f001b6d7ba7,6502e58c4965a6001be6ce0e,0.869740891,0.622294372
60f172e2d1b6e328e744cf65,64c87bc1ec6f6f001b6d7ba7,6502e58c4965a6001be6ce11,0.868464052,0.576682494
61529bb6364f2332c0fe8b1c,6242ed358e490f761b61c245,64f2fe344c59cf00119743f9,0.867690029,0.74829932
61529bb6364f2332c0fe8b1c,6242ed358e490f761b61c245,64f2fe344c59cf0011974405,0.866923693,0.87444688
61529bb6364f2332c0fe8b1c,6242ed358e490f761b61c245,64f2fe344c59cf0011974412,0.866788767,0.691316527
61529bb6364f2332c0fe8b1c,64c8816f5225bf001bbfb753,64f301b166de2f0017e4beea,0.862949346,0.653061224
61529bb6364f2332c0fe8b1c,64c8816f5225bf001bbfb753,64f301b166de2f0017e4beeb,0.861318797,0.742857143
61529bb6364f2332c0fe8b1c,64c8816f5225bf001bbfb753,64f301b166de2f0017e4beec,0.860504202,0.881805565
61529bb6364f2332c0fe8b1c,64c8816f5225bf001bbfb753,6502e895d149db001b1f529b,0.859328107,0.697551456
61529bb6364f2332c0fe8b1c,64c8816f5225bf001bbfb753,6502e895d149db001b1f529d,0.858874459,0.732135015
61529bb6364f2332c0fe8b1c,64c8816f5225bf001bbfb753,6502e895d149db001b1f529e,0.858607314,0.428571429
618607cac665f41f98e72227,61866983cbd33c2fa05aa2bb,64158091c6ab30001bd338c8,0.858585859,0.620634921
618607cac665f41f98e72227,61866983cbd33c2fa05aa2bb,64158091c6ab30001bd338e4,0.857526106,0.838466296
618607cac665f41f98e72227,61866983cbd33c2fa05aa2bb,64158091c6ab30001bd338f8,0.857299691,0.785714286
618607cac665f41f98e72227,61866983cbd33c2fa05aa2bb,64158091c6ab30001bd3390b,0.857142857,0.603174603
618607cac665f41f98e72227,638458e1915f54780b60c644,657c6c48aa5e7f001b51cc77,0.857142857,0.86031746
61860849afbe0942bbd4ce18,61867189cbd33c2fa05aa2ee,657d28e7fe9d76001b79de4d,0.857142857,0.808191808
61860849afbe0942bbd4ce18,6384556fcaacf67dd999ee02,647d7b319a688000173320be,0.857142857,0.436507937
61860849afbe0942bbd4ce18,6384556fcaacf67dd999ee02,647d7b319a688000173320db,0.857142857,0.451247166
61860f8c2d415a4a5c52e822,6242eae58e490f761b61c1f1,64f2fef676868b00110d2e4a,0.857142857,0.794642857
61860f8c2d415a4a5c52e822,6242eae58e490f761b61c1f1,64f2fef676868b00110d2e53,0.857142857,0.913186813
61860f8c2d415a4a5c52e822,6242eae58e490f761b61c1f1,64f2fef676868b00110d2e5d,0.857142857,0.824110413
61860f8c2d415a4a5c52e822,64c87aba9b654a001b612eef,64f3016776868b00110d2eee,0.857142857,0.795815296
61860f8c2d415a4a5c52e822,64c87aba9b654a001b612eef,64f3016776868b00110d2ef1,0.857142857,0.742857143
61860f8c2d415a4a5c52e822,64c87aba9b654a001b612eef,64f3016776868b00110d2ef7,0.857142857,0.380952381
61860f8c2d415a4a5c52e822,64c87aba9b654a001b612eef,6502e99b6ce312001b5e188c,0.857142857,0.907064364
61860f8c2d415a4a5c52e822,64c87aba9b654a001b612eef,6502e99b6ce312001b5e1893,0.857142857,0.452380952
61860f8c2d415a4a5c52e822,64c87aba9b654a001b612eef,6502e9b58faeb9001bbc3e82,0.857142857,0.633333333
61862d3cc680d0688d9d3139,61a6181a15bc1b50911379b8,64f304cf9d34a3001730c13e,0.857142857,0.75242674
61862d3cc680d0688d9d3139,61a6181a15bc1b50911379b8,64f304d09d34a3001730c147,0.857142857,0.714285714
61862d3cc680d0688d9d3139,61a6181a15bc1b50911379b8,64f304d09d34a3001730c14e,0.857142857,0.928165623
61862d3cc680d0688d9d3139,61a6181a15bc1b50911379b8,64f304d09d34a3001730c155,0.857142857,0.517857143
61862d3cc680d0688d9d3139,6281eb08e5062e7fdd61a628,64f2f1ca76868b00110d2acb,0.857142857,0.669047619
61862d3cc680d0688d9d3139,6281eb08e5062e7fdd61a628,64f2f1ca76868b00110d2acc,0.857142857,0.638570097
61862d3cc680d0688d9d3139,6281eb08e5062e7fdd61a628,64f2f1ca76868b00110d2af3,0.857142857,0.704864976
61862d3cc680d0688d9d3139,6281eb08e5062e7fdd61a628,64f2f1ca76868b00110d2bc7,0.857142857,0.285714286
61862d3cc680d0688d9d3139,647edb7b42050e001bbab8ab,6577e4b2a788f1001baf4036,0.857142857,0.857142857
618d0666c770501898e3d95f,618d0ec4f67b4d1950cb8c44,64f42ad766de2f0017e4bf25,0.857142857,0.826016239
618d0666c770501898e3d95f,618d0ec4f67b4d1950cb8c44,64f42ad766de2f0017e4bf28,0.857142857,0.285714286
618d0666c770501898e3d95f,618d0ec4f67b4d1950cb8c44,64f42ad766de2f0017e4bf35,0.857142857,0.737068161
618d0666c770501898e3d95f,618d0ec4f67b4d1950cb8c44,64f42ad766de2f0017e4bf3d,0.857142857,0.285714286
618d0666c770501898e3d95f,618d0ec4f67b4d1950cb8c44,64f42ad866de2f0017e4bf67,0.857142857,0.710346258
618d0666c770501898e3d95f,618d0ec4f67b4d1950cb8c44,64f42ad866de2f0017e4bf69,0.857142857,0.61467699
618d0666c770501898e3d95f,618d0ec4f67b4d1950cb8c44,64f42ad866de2f0017e4bf6b,0.857142857,0.302197802
618d0666c770501898e3d95f,618d0ec4f67b4d1950cb8c44,64f57fc070405f001b1892c4,0.857142857,0.6429155
618d0666c770501898e3d95f,618d0ec4f67b4d1950cb8c44,64f57fc070405f001b1892c5,0.857142857,0.769413919
618d0666c770501898e3d95f,618d0ec4f67b4d1950cb8c44,64f57fc070405f001b1892c6,0.857142857,0.609833024
618d0666c770501898e3d95f,618d0ec4f67b4d1950cb8c44,64f57fc070405f001b1892c8,0.857142857,0.591836735
618d0666c770501898e3d95f,618d0ec4f67b4d1950cb8c44,64f57fc070405f001b1892c9,0.857142857,0.683319769
618d0666c770501898e3d95f,618d0ec4f67b4d1950cb8c44,65b8ddfb4a13070017386fdf,0.857142857,0.688311688
618d0666c770501898e3d95f,618d0ec4f67b4d1950cb8c44,65bc8fea4314c6001b422694,0.857142857,0.90221302
618d0666c770501898e3d95f,628b5b1079667f4990ea1c6b,64f42b6066de2f0017e4c19d,0.857142857,0.758523119
618d0666c770501898e3d95f,628b5b1079667f4990ea1c6b,64f42b6066de2f0017e4c1a5,0.857142857,0.634615385
618d0666c770501898e3d95f,628b5b1079667f4990ea1c6b,64f42b6066de2f0017e4c1ab,0.857142857,0.428571429
618d0666c770501898e3d95f,628b5b1079667f4990ea1c6b,64f42b6166de2f0017e4c1c6,0.857142857,0.461442336
618d0666c770501898e3d95f,628b5b1079667f4990ea1c6b,64f42b6166de2f0017e4c1c9,0.857142857,0.579220779
618d0666c770501898e3d95f,628b5b1079667f4990ea1c6b,64f57e2f898268001bed3f3b,0.857142857,0.664935065
618d0666c770501898e3d95f,628b5b1079667f4990ea1c6b,64f57e2f898268001bed3f3c,0.857142857,0.647959184
618d0666c770501898e3d95f,628b5b1079667f4990ea1c6b,64f57e2f898268001bed3f3d,0.857142857,0.671428571
618d0666c770501898e3d95f,628b5b1079667f4990ea1c6b,64f57e2f898268001bed3f3f,0.857142857,0.633333333
618d0666c770501898e3d95f,628b5b1079667f4990ea1c6b,64f57e2f898268001bed3f40,0.857142857,0.773129252
618d0666c770501898e3d95f,628b5b1079667f4990ea1c6b,64f588f166de2f0017e4c887,0.857142857,0.704277822
618d0666c770501898e3d95f,64cb515c8130e300119eb128,64f4606a74a5cf0011c5d8e3,0.857142857,0.733333333
618d0666c770501898e3d95f,64cb515c8130e300119eb128,64f4606a74a5cf0011c5d8e4,0.857142857,0.574836601
618d0666c770501898e3d95f,64cb515c8130e300119eb128,64f4606b74a5cf0011c5d8ed,0.857142857,0.664285714
618d0666c770501898e3d95f,64cb515c8130e300119eb128,64f4606b74a5cf0011c5d8ee,0.857142857,0.488095238
618d0666c770501898e3d95f,64cb515c8130e300119eb128,64f4606b74a5cf0011c5d8fa,0.857142857,0.446428571
618d0666c770501898e3d95f,64cb515c8130e300119eb128,64f4606b74a5cf0011c5d8fb,0.857142857,0.765306122
618d0666c770501898e3d95f,64cb515c8130e300119eb128,64f4606b74a5cf0011c5d901,0.857142857,0.668331333
618d0666c770501898e3d95f,64cb515c8130e300119eb128,64f4606b74a5cf0011c5d906,0.857142857,0.476190476
618d0666c770501898e3d95f,64cb515c8130e300119eb128,64f4606b74a5cf0011c5d90c,0.857142857,0.775423938
618d0666c770501898e3d95f,64cb515c8130e300119eb128,64f4606b74a5cf0011c5d913,0.857142857,0.818367347
61af314a8f71d5017eb35d1a,62db9d69dae9166c6ebde120,6455038151dc99001b015627,0.857142857,0.607575758
61af314a8f71d5017eb35d1a,62db9d69dae9166c6ebde120,6455038151dc99001b015634,0.857142857,0.699356044
61af314a8f71d5017eb35d1a,62db9d69dae9166c6ebde120,6455038151dc99001b015659,0.857142857,0.285714286
61af314a8f71d5017eb35d1a,62db9d69dae9166c6ebde120,6455038151dc99001b01569a,0.857142857,0.501008772
61b9a3365490112b7adfd6ba,622b0cc482b60c3a0583d100,656d6c8f45b382001b14817a,0.857142857,0.714285714
61b9a3365490112b7adfd6ba,622b0cc482b60c3a0583d100,656d6c8f45b382001b14817b,0.857142857,0.754906391
61b9a3365490112b7adfd6ba,622b0cc482b60c3a0583d100,656d6c9045b382001b1481b1,0.857142857,0.794682078
61b9a3365490112b7adfd6ba,622b0cc482b60c3a0583d100,65b8a638364d88001b2b5128,0.857142857,0.285714286
61b9a3365490112b7adfd6ba,622b0cc482b60c3a0583d100,65b8a6654a13070017386ed8,0.853174603,0.412698413
61b9a3365490112b7adfd6ba,638440378eda195315d84cb7,657010310885b8001b2f03de,0.853148203,0.696290637
61b9a3365490112b7adfd6ba,638440378eda195315d84cb7,657010310885b8001b2f03df,0.853004535,0.799420024
61b9a3365490112b7adfd6ba,638440378eda195315d84cb7,657010310885b8001b2f03e0,0.852437702,0.862786869
61b9a3365490112b7adfd6ba,638440378eda195315d84cb7,657010310885b8001b2f03e1,0.851162999,0.661904762
61b9a3365490112b7adfd6ba,638440378eda195315d84cb7,657010310885b8001b2f03e2,0.851133787,0.826501035
61b9a3365490112b7adfd6ba,638440378eda195315d84cb7,657010310885b8001b2f03e8,0.849436082,0.830583364
61b9a3365490112b7adfd6ba,638440378eda195315d84cb7,657010310885b8001b2f0415,0.848067342,0.793650794
61e39f4b2acc405ba5c12202,61e3a3cc77eb426ff13294b8,64f2f39fb0bed60017df2504,0.846665515,0.895604396
61e39f4b2acc405ba5c12202,61e3a3cc77eb426ff13294b8,64f2f39fb0bed60017df251a,0.846381705,0.807854194
61e39f4b2acc405ba5c12202,61e3a3cc77eb426ff13294b8,64f2f39fb0bed60017df2522,0.845882979,0.538961039
61e39f4b2acc405ba5c12202,61e3a3cc77eb426ff13294b8,64f2f39fb0bed60017df252a,0.845310876,0.938722885
61e39f4b2acc405ba5c12202,61e3a3cc77eb426ff13294b8,64f2f3a0b0bed60017df2531,0.845027725,0.857142857
61e39f4b2acc405ba5c12202,61e3a3cc77eb426ff13294b8,64f2f3a0b0bed60017df2533,0.844992956,0.672000514
61e39f4b2acc405ba5c12202,61e3a3cc77eb426ff13294b8,64f2f3a0b0bed60017df2539,0.842006803,0.714285714
61e39f4b2acc405ba5c12202,61e3a3cc77eb426ff13294b8,64f2f3a0b0bed60017df2572,0.840909091,0.857142857
61e39f4b2acc405ba5c12202,61e3a3cc77eb426ff13294b8,64f2f3a0b0bed60017df257b,0.840526141,0.714285714
61e39f4b2acc405ba5c12202,6281f1916d5a3f5e1dbdacc6,64f303bab0bed60017df2942,0.840136054,0.75
61e39f4b2acc405ba5c12202,647f1644918a55001b5b078e,649bf4cfc81c800017972b25,0.839734075,0.857142857
61e39f4b2acc405ba5c12202,64d320aeccff09001c48b8d4,64d3224c30769e001b1c4adb,0.839285714,0.857142857
61e39f4b2acc405ba5c12202,64d320aeccff09001c48b8d4,64d3229d30769e001b1c4ae3,0.83877551,0.714285714
620c8839d1702023497f3e64,6288c6562b660f3fe1b522bd,64c750daf62672001b21da33,0.837219485,0.776413451
620c8839d1702023497f3e64,6288c6562b660f3fe1b522bd,64c750daf62672001b21da34,0.837212193,0.457142857
620c8839d1702023497f3e64,6288c6562b660f3fe1b522bd,64c750daf62672001b21da3a,0.836843712,0.795176832
620c8839d1702023497f3e64,6288c6562b660f3fe1b522bd,64c750daf62672001b21da3c,0.836734694,0.827056277
620c8839d1702023497f3e64,6288c6562b660f3fe1b522bd,64c750daf62672001b21da4e,0.83660189,0.949134742
620c8839d1702023497f3e64,6288c6562b660f3fe1b522bd,64c750daf62672001b21da5f,0.834060838,0.714285714
620c8839d1702023497f3e64,6288c6562b660f3fe1b522bd,64c750dbf62672001b21da84,0.834048491,0.822239665
620c8839d1702023497f3e64,6288c6562b660f3fe1b522bd,64c750dbf62672001b21da85,0.833333333,0.82151975
620c8839d1702023497f3e64,6288c6562b660f3fe1b522bd,64c750dbf62672001b21dab1,0.833333333,0.894205794
620c8839d1702023497f3e64,6288c6562b660f3fe1b522bd,64c750dbf62672001b21daf2,0.832241499,0.747419378
620c8839d1702023497f3e64,6288c6562b660f3fe1b522bd,64c750dbf62672001b21db01,0.831247132,0.666666667
620c8839d1702023497f3e64,62f3a2a3774ee25860417561,64f1cb2f72d7ad0011e20074,0.8289409,0.821428571
620dcb88ed29b942e676bb01,61de93fe9be11222aa790810,65644d7aa1cdf9001b15d6bb,0.828571429,0.307142857
620dcb88ed29b942e676bb01,61de93fe9be11222aa790810,65644d7aa1cdf9001b15d6bd,0.828205128,0.361904762
620dcb88ed29b942e676bb01,61de93fe9be11222aa790810,65644d7aa1cdf9001b15d6e3,0.827474871,0.758928571
620dcb88ed29b942e676bb01,61de93fe9be11222aa790810,65644d7ba1cdf9001b15d702,0.825820287,0.470238095
620dcb88ed29b942e676bb01,64e5eed9e23e9d001b543a0a,6564546413fbf0001b9c843e,0.825427566,0.453061224
620dcb88ed29b942e676bb01,64e5eed9e23e9d001b543a0a,6564546413fbf0001b9c8440,0.825336067,0.457142857
620dcb88ed29b942e676bb01,64e5eed9e23e9d001b543a0a,6564546413fbf0001b9c8442,0.824125874,0.719387755
62122c7a86769559bcb3861c,62135a351be0863ab89a67c5,6451f4a5903ab40017049d9d,0.823275265,0.817460317
62122c7a86769559bcb3861c,62135a351be0863ab89a67c5,6451f4a5903ab40017049da7,0.823129252,0.892857143
62122c7a86769559bcb3861c,621cb1f35e7a600ba611587c,644e7c047b196c00173b7bbc,0.822485055,0.904761905
62122c7a86769559bcb3861c,621cb1f35e7a600ba611587c,644e7c047b196c00173b7bbe,0.821794284,0.793647177
62122c7a86769559bcb3861c,621cb1f35e7a600ba611587c,644e7c047b196c00173b7bc2,0.821630575,0.704212454
62122c7a86769559bcb3861c,621cb1f35e7a600ba611587c,644e7c047b196c00173b7bc6,0.821428571,0.658161213
62122c7a86769559bcb3861c,621cb1f35e7a600ba611587c,644e7c057b196c00173b7bcc,0.821428571,0.603896104
62122c7a86769559bcb3861c,621cb1f35e7a600ba611587c,644e7c057b196c00173b7bce,0.820634921,0.697619048
62122c7a86769559bcb3861c,63c64c1d4ebc2200177071bf,63c64ee632e68a001bf81d1f,0.819047619,0.857142857
62122f42e9692355fc21cd37,621cb324b268b427f9e01cd7,6450d7895d92cb001b577f91,0.818426311,0.553571429
62122f42e9692355fc21cd37,621cb324b268b427f9e01cd7,6450d7895d92cb001b577f92,0.818357883,0.683919022
62122f42e9692355fc21cd37,621cb324b268b427f9e01cd7,6450d7895d92cb001b577fa3,0.817803556,0.738363767
621243047b7da3595490b804,6218a79d7fc9d120059d1fee,64ec3d9515331c0018576130,0.817569438,0.703137153
621243047b7da3595490b804,6218a79d7fc9d120059d1fee,64ec3d9515331c0018576133,0.817120181,0.456942356
621243047b7da3595490b804,6218a79d7fc9d120059d1fee,64ec3d9515331c0018576149,0.816738817,0.714285714
621243047b7da3595490b804,6218a79d7fc9d120059d1fee,64ec3d9515331c0018576150,0.816666667,0.714285714
621243047b7da3595490b804,6218a79d7fc9d120059d1fee,64ec3d9515331c0018576160,0.816017316,0.417293233
621243047b7da3595490b804,6218a79d7fc9d120059d1fee,64ec3d9515331c0018576167,0.81547619,0.79527417
621243047b7da3595490b804,6218a79d7fc9d120059d1fee,64ec3d9515331c001857616a,0.814737737,0.595238095
621243047b7da3595490b804,6218a79d7fc9d120059d1fee,653650ca49e84f001b97d04f,0.814718615,0.745098039
621243047b7da3595490b804,6218a79d7fc9d120059d1fee,6551ddb95306ac00179f6300,0.814285714,0.618679193
621243047b7da3595490b804,6218a79d7fc9d120059d1fee,6551ddb95306ac00179f6301,0.814039182,0.714285714
621243047b7da3595490b804,6218a79d7fc9d120059d1fee,6551ddb95306ac00179f6302,0.813930118,0.347826087
621243047b7da3595490b804,6218a79d7fc9d120059d1fee,6551ddb95306ac00179f6304,0.813393015,0.42657744
621243047b7da3595490b804,6218a79d7fc9d120059d1fee,6551ddb95306ac00179f6306,0.812698413,0.285714286
621243047b7da3595490b804,6218a79d7fc9d120059d1fee,6551ddb95306ac00179f6307,0.811791383,0.285714286
621243047b7da3595490b804,6218a79d7fc9d120059d1fee,6551ddb95306ac00179f630b,0.810595777,0.635610766
621243047b7da3595490b804,6218a79d7fc9d120059d1fee,6551ddb95306ac00179f6315,0.810526912,0.714285714
621243047b7da3595490b804,6218a79d7fc9d120059d1fee,655da001700de30017e14c29,0.810362554,0.857142857
621243047b7da3595490b804,621cc6fdc599d2546bf3cad6,644e5ab95d92cb001b5777d9,0.81031746,0.472218282
621243047b7da3595490b804,621cc6fdc599d2546bf3cad6,644e5ab95d92cb001b5777dd,0.810050509,0.622077922
621243047b7da3595490b804,621cc6fdc599d2546bf3cad6,644e5ab95d92cb001b5777e7,0.809929356,0.524156878
621243047b7da3595490b804,63c64c1d4ebc2200177071bf,65bb489bac99d00017770c12,0.80952381,0.857142857
621243047b7da3595490b804,647edb7b42050e001bbab8ab,6577e41ed41b77001b59548e,0.809401392,0.857142857
621243047b7da3595490b804,647edb7b42050e001bbab8ab,6577e4b2a788f1001baf4036,0.809366824,0.857142857
623bf69ebdd3ec48219813cf,623ef716194e3e322db839f6,64157a57780ed20017ce666c,0.808260154,0.787508609
623bf69ebdd3ec48219813cf,623ef716194e3e322db839f6,64157a57780ed20017ce6675,0.807823129,0.767857143
623bf69ebdd3ec48219813cf,623ef716194e3e322db839f6,64157a58780ed20017ce667b,0.80670858,0.571428571
623bf69ebdd3ec48219813cf,623ef716194e3e322db839f6,64157a58780ed20017ce667d,0.805975537,0.419294991
623bf69ebdd3ec48219813cf,623ef716194e3e322db839f6,64157a58780ed20017ce6681,0.805143438,0.714285714
623bf69ebdd3ec48219813cf,623ef716194e3e322db839f6,64157a58780ed20017ce6692,0.80499623,0.701726845
6243fa5e51ed612e6ac62c7d,624ae0846801282472b2f9a3,643d2ac07d16f40017a20b05,0.804761905,0.571428571
6243fa5e51ed612e6ac62c7d,624ae0846801282472b2f9a3,643d2ac17d16f40017a20b34,0.80217329,0.714285714
6243fa5e51ed612e6ac62c7d,624ae0846801282472b2f9a3,643d2ac17d16f40017a20b46,0.798659504,0.571428571
6243fa5e51ed612e6ac62c7d,624ae0846801282472b2f9a3,643d2ac27d16f40017a20b93,0.798469388,0.857142857
6243fa5e51ed612e6ac62c7d,624ae0846801282472b2f9a3,643d2ac27d16f40017a20c20,0.797911892,0.868421053
6243fa5e51ed612e6ac62c7d,624ae0846801282472b2f9a3,643d2ac27d16f40017a20c21,0.797893773,0.571428571
6243fa5e51ed612e6ac62c7d,624ae0846801282472b2f9a3,643d2ac27d16f40017a20c2f,0.797752952,0.879849774
6243fa5e51ed612e6ac62c7d,624ae0846801282472b2f9a3,643d2ac27d16f40017a20c36,0.797108844,0.857142857
6243fa5e51ed612e6ac62c7d,624ae0846801282472b2f9a3,643d2ac27d16f40017a20c4e,0.796245421,0.74512605
6243fa5e51ed612e6ac62c7d,624ae0846801282472b2f9a3,64d32f68fa462b001bb56931,0.795483683,0.714285714
6243fa5e51ed612e6ac62c7d,624ae0846801282472b2f9a3,65b0ad29e341a6001c313a92,0.795040757,0.965986395
6243fa5e51ed612e6ac62c7d,624ae0846801282472b2f9a3,65b0ad4be341a6001c313a97,0.793772894,0.857142857
6244862d067f3538a2b7c517,65683b172a1ed1001bcdbadc,65719187df6df0001bf78f41,0.793079557,0.721428571
6246e03e6338a51f8165a7d6,6246e2c60ea3dc67f9d9bd0e,64f5bbc35994d9001bfd2b4d,0.792207792,0.588435374
6246e03e6338a51f8165a7d6,6246e2c60ea3dc67f9d9bd0e,64f5bbc35994d9001bfd2b51,0.791412563,0.654220779
6246e03e6338a51f8165a7d6,6246e2c60ea3dc67f9d9bd0e,64f5bbc35994d9001bfd2b57,0.791216487,0.592857143
6246e03e6338a51f8165a7d6,6246e2c60ea3dc67f9d9bd0e,64f5bbc35994d9001bfd2b58,0.790591272,0.428571429
6246e03e6338a51f8165a7d6,6246e2c60ea3dc67f9d9bd0e,652d44d3e6bb3d001b821f83,0.790306122,0.321428571
62720dcd1410b643ccc5eaf0,630c2f4b1d03704a4b9d5774,642bac0bbbeeaf00171a217d,0.78968254,0.905086245
62720dcd1410b643ccc5eaf0,630c2f4b1d03704a4b9d5774,642bac0bbbeeaf00171a2188,0.789436886,0.763274028
62720dcd1410b643ccc5eaf0,630c2f4b1d03704a4b9d5774,642bac0bbbeeaf00171a2189,0.789127539,0.571428571
62720dcd1410b643ccc5eaf0,630c2f4b1d03704a4b9d5774,64803030877a33001890ed1b,0.789115646,0.835057205
62720dcd1410b643ccc5eaf0,63c64c1d4ebc2200177071bf,657148795af550001b4fc6d0,0.788657771,0.857142857
62720dcd1410b643ccc5eaf0,63db74c3753e39001baea166,642cf6f5c7e4e7001be71673,0.788435374,0.855442177
62720dcd1410b643ccc5eaf0,63db74c3753e39001baea166,642cf6f5c7e4e7001be71677,0.788220197,0.758445258
62720dcd1410b643ccc5eaf0,63db74c3753e39001baea166,642cf6f5c7e4e7001be71685,0.787619048,0.755237246
62720dcd1410b643ccc5eaf0,63db74c3753e39001baea166,642cf6f5c7e4e7001be71687,0.787493729,0.779869221
62720dcd1410b643ccc5eaf0,63db74c3753e39001baea166,642cf6f6c7e4e7001be716ad,0.787414966,0.512445887
62720dcd1410b643ccc5eaf0,63db74c3753e39001baea166,642cf6f6c7e4e7001be716b6,0.786522673,0.857142857
62720dcd1410b643ccc5eaf0,63db74c3753e39001baea166,642cf6f6c7e4e7001be716bf,0.786497629,0.706130179
62720dcd1410b643ccc5eaf0,64a4439f929d03001b232c79,64c0fe1bad22410017686d80,0.78598783,0.728571429
62720dcd1410b643ccc5eaf0,64a4439f929d03001b232c79,64c0fe1cad22410017686dd4,0.785714286,0.722959184
62720dcd1410b643ccc5eaf0,64a4439f929d03001b232c79,64c0fe1cad22410017686dd5,0.785714286,0.766156463
62720dcd1410b643ccc5eaf0,64eca95e15331c001857629b,65717d8b187602001bd26641,0.785558668,0.857142857
62720dcd1410b643ccc5eaf0,659e78e5b1bc68001a7d2e9b,659e7ccc287ad900177e80d5,0.785352853,0.857142857
6272117f6ea9037357d4559e,657d66a7d9dbf9001bbe2129,657d98d1d9dbf9001bbe215f,0.784970454,0.820355835
6272117f6ea9037357d4559e,657d66a7d9dbf9001bbe2129,657d98d2d9dbf9001bbe2166,0.784392116,0.760204082
6272117f6ea9037357d4559e,657d66a7d9dbf9001bbe2129,657d98d2d9dbf9001bbe216b,0.783643892,0.735714286
6272117f6ea9037357d4559e,657d7144aa5e7f001b51ce2c,657d9e73fe9d76001b79e289,0.783188062,0.718704906
627655b12847414390c38539,627657c07c5ace40b0feb1f1,6487069e6cbc55001b8b25d8,0.782393913,0.595238095
627655b12847414390c38539,627e298afb8ac9627e84dea4,64a7c7f2c1ee61001be26804,0.782354904,0.85021645
627655b12847414390c38539,627e298afb8ac9627e84dea4,64a7c8ddc1ee61001be26807,0.781789639,0.676870748
628f0b429f179d6efab94aa1,63dfc8c9b647970011eebfa4,644f5eb2903ab400170493b2,0.781593407,0.477398277
628f0b429f179d6efab94aa1,63dfc8c9b647970011eebfa4,644f5eb2903ab400170493c1,0.779328297,0.737644618
628f0b429f179d6efab94aa1,63dfc8c9b647970011eebfa4,644f5eb3903ab400170493c5,0.779277865,0.513605442
628f0b429f179d6efab94aa1,647edb7b42050e001bbab8ab,6577e4b2a788f1001baf4036,0.778571429,0.857142857
62ab274c37a09133c235e6b9,62ab2a166605027824071b2c,64f6c9bd8312fd001b55361d,0.778061224,0.826388513
62ab274c37a09133c235e6b9,62ab2a166605027824071b2c,64f6c9bd8312fd001b553620,0.777777778,0.763321995
62ab274c37a09133c235e6b9,62ab2a166605027824071b2c,64f6c9be8312fd001b553624,0.776042639,0.404761905
62ab274c37a09133c235e6b9,62ab2a166605027824071b2c,64f6c9be8312fd001b55362e,0.775917576,0.642857143
62ab274c37a09133c235e6b9,62ab2a166605027824071b2c,65116cab586472001ba64b67,0.775745683,0.779771714
62ab274c37a09133c235e6b9,62ab2dbbb18fea30cd6ef782,64f6d6ef094fec001bac049b,0.775140977,0.777142857
62ab274c37a09133c235e6b9,62ab2dbbb18fea30cd6ef782,64f6d6ef094fec001bac04ba,0.775,0.857142857
62ab274c37a09133c235e6b9,62ab2dbbb18fea30cd6ef782,64f6d6ef094fec001bac04be,0.773809524,0.890977444
62ab274c37a09133c235e6b9,62ab2dbbb18fea30cd6ef782,64f6d6ef094fec001bac04cd,0.773809524,0.746835443
62ab274c37a09133c235e6b9,62ab2dbbb18fea30cd6ef782,64f6d6f0094fec001bac04f2,0.773376623,0.624892964
62ab274c37a09133c235e6b9,62ab2dbbb18fea30cd6ef782,64f6d6f0094fec001bac0520,0.772975857,0.493197279
62ab274c37a09133c235e6b9,62ab2dbbb18fea30cd6ef782,6501b94be763c600171589c8,0.772854916,0.714285714
62ab274c37a09133c235e6b9,62ab2dbbb18fea30cd6ef782,6501b94be763c600171589c9,0.771695217,0.908571429
62ab274c37a09133c235e6b9,62ab2dbbb18fea30cd6ef782,6501b94be763c600171589cc,0.771428571,0.896825397
62ab274c37a09133c235e6b9,62ab2dbbb18fea30cd6ef782,6501b94be763c600171589cd,0.771428571,0.76
62ab274c37a09133c235e6b9,62bed49820c9436f96544a9c,65116bb562be9e001714dfa5,0.771029281,0.448979592
62ab27fd5462b534a4d05ee9,62aec058d7b2730639cc244c,64f6cd3131517c001b27736a,0.770643642,0.523526077
62ab27fd5462b534a4d05ee9,62aec058d7b2730639cc244c,64f6cd3131517c001b277376,0.770495399,0.285714286
62ab27fd5462b534a4d05ee9,62aec058d7b2730639cc244c,64f6cd3131517c001b277382,0.770408163,0.76928035
62ab27fd5462b534a4d05ee9,62aec058d7b2730639cc244c,64f6cd3131517c001b27738f,0.76996337,0.774486304
62ab27fd5462b534a4d05ee9,62aec058d7b2730639cc244c,64f6cd3131517c001b27739b,0.769202226,0.732142857
62ab27fd5462b534a4d05ee9,62aec058d7b2730639cc244c,657153d9df6df0001bf78ebc,0.767399267,0.610296149
62ab27fd5462b534a4d05ee9,62aec058d7b2730639cc244c,657154185863b2001be4d6cd,0.767346939,0.736851658
62ab27fd5462b534a4d05ee9,62b5914e8fba6710f8dd259f,64f6ccb031517c001b2771bf,0.767219708,0.756802721
62ab27fd5462b534a4d05ee9,62b5914e8fba6710f8dd259f,64f6ccb031517c001b2771cc,0.767202186,0.504195011
62ab27fd5462b534a4d05ee9,62b5914e8fba6710f8dd259f,64f6ccb031517c001b2771cd,0.766386555,0.291925466
62ab27fd5462b534a4d05ee9,62b5914e8fba6710f8dd259f,64f6ccb031517c001b2771d3,0.765759637,0.534275344
62ab27fd5462b534a4d05ee9,62b5914e8fba6710f8dd259f,64f6ccb031517c001b277246,0.765714286,0.742399354
62ab27fd5462b534a4d05ee9,62b5914e8fba6710f8dd259f,64f6ccb031517c001b277248,0.765512266,0.806493506
62ab27fd5462b534a4d05ee9,62b5914e8fba6710f8dd259f,64f6ccb031517c001b27724d,0.76482684,0.306122449
62ab27fd5462b534a4d05ee9,62b5914e8fba6710f8dd259f,64f6ccb031517c001b277251,0.764208247,0.735300894
62ab27fd5462b534a4d05ee9,62b5914e8fba6710f8dd259f,64f6ccb031517c001b277252,0.763380407,0.825944171
62ab27fd5462b534a4d05ee9,637efd02fabee77ead89b68b,64f6d43e7b5ae2001b6d22c8,0.762722935,0.763192746
62ab27fd5462b534a4d05ee9,637efd02fabee77ead89b68b,64f6d43e7b5ae2001b6d22d8,0.762605042,0.627396413
62ab27fd5462b534a4d05ee9,637efd02fabee77ead89b68b,64f6d43e7b5ae2001b6d22d9,0.761942602,0.408163265
62ab27fd5462b534a4d05ee9,637efd02fabee77ead89b68b,64f6d43e7b5ae2001b6d22db,0.761904762,0.635064935
62ab27fd5462b534a4d05ee9,637efd02fabee77ead89b68b,64f6d43e7b5ae2001b6d22e7,0.761904762,0.624534272
62ab27fd5462b534a4d05ee9,637efd02fabee77ead89b68b,64f6d43e7b5ae2001b6d22e8,0.761904762,0.822671006
62ab27fd5462b534a4d05ee9,637efd02fabee77ead89b68b,64f6d43e7b5ae2001b6d22ea,0.761734694,0.69047619
62ab27fd5462b534a4d05ee9,637efd02fabee77ead89b68b,64f6d43e7b5ae2001b6d22eb,0.759549974,0.285714286
62ab27fd5462b534a4d05ee9,637efd02fabee77ead89b68b,64f6d43e7b5ae2001b6d22f6,0.759386673,0.70952381
62ab27fd5462b534a4d05ee9,637efd02fabee77ead89b68b,64f6d43e7b5ae2001b6d22f7,0.758928571,0.54047619
62ab27fd5462b534a4d05ee9,637efd02fabee77ead89b68b,64f6d43e7b5ae2001b6d22fa,0.758694247,0.676085819
62ab27fd5462b534a4d05ee9,637efd02fabee77ead89b68b,64f6d43e7b5ae2001b6d2308,0.75862069,0.511752137
62ab27fd5462b534a4d05ee9,637efd02fabee77ead89b68b,64f6d4437b5ae2001b6d23c0,0.758503401,0.857882283
62ab27fd5462b534a4d05ee9,637efd02fabee77ead89b68b,64ff1f9eed8291001bfed939,0.758367347,0.900728469
62ab27fd5462b534a4d05ee9,637efd02fabee77ead89b68b,65793dcb189f58001b4f211f,0.758333333,0.285714286
62ab27fd5462b534a4d05ee9,646b0cb7533c540016cee353,64f69c146bbeed001b00c8bd,0.757714286,0.754234001
62ab27fd5462b534a4d05ee9,646b0cb7533c540016cee353,64ff233a8ed398001b84dc15,0.757533944,0.799668247
62ab27fd5462b534a4d05ee9,6481d37d69e0ee001b932f4d,64ff22a297d3d9001799eccc,0.757142857,0.285714286
62ad73fdb3ece857aa492b60,62ad77d1da7471469bbb06f9,6491335a42773e0011b139a6,0.756802721,0.923972186
62ad73fdb3ece857aa492b60,62ad77d1da7471469bbb06f9,64913373d7ffb50011079889,0.756493506,0.690844759
62ad73fdb3ece857aa492b60,62ad784b838fe856dbfd52c0,62e8d0d290588f12dde35b41,0.755952381,0.892857143
62ad73fdb3ece857aa492b60,62ad79d6da7471469bbb06ff,62b2a86b637a43142e46c287,0.755639098,0.490450726
62ad73fdb3ece857aa492b60,62ad79d6da7471469bbb06ff,62b2ad86b2f6df16b50e4dbd,0.755349412,0.520408163
62bee89b9f0f3e1af0eb46d1,62c017914ef8f2679f8d7a8e,64be5ed9505f61001b721d5b,0.755139886,0.807755997
62bee89b9f0f3e1af0eb46d1,62c017914ef8f2679f8d7a8e,64be5ed9505f61001b721d5f,0.754761905,0.757142857
62bee89b9f0f3e1af0eb46d1,62c017914ef8f2679f8d7a8e,64be5ed9505f61001b721d61,0.754736398,0.923786181
62bee89b9f0f3e1af0eb46d1,62c017914ef8f2679f8d7a8e,64be5ed9505f61001b721d63,0.754464286,0.571428571
62bee89b9f0f3e1af0eb46d1,62c017914ef8f2679f8d7a8e,64be5ed9505f61001b721d68,0.754364737,0.666666667
62bee89b9f0f3e1af0eb46d1,62c0185c237424702d871c96,644cdd5ae29f13001b32f33f,0.753623188,0.775510204
62bee89b9f0f3e1af0eb46d1,62c0185c237424702d871c96,644cdd5ae29f13001b32f340,0.7531952,0.428571429
62bee89b9f0f3e1af0eb46d1,62c0185c237424702d871c96,644cdd5ae29f13001b32f345,0.752380952,0.603571429
62bee89b9f0f3e1af0eb46d1,62c0185c237424702d871c96,644cdd5ae29f13001b32f34f,0.752380952,0.428571429
62bee89b9f0f3e1af0eb46d1,62c0185c237424702d871c96,644cdd5ae29f13001b32f352,0.752234075,0.533333333
62bee89b9f0f3e1af0eb46d1,62c0185c237424702d871c96,644cdd5ae29f13001b32f354,0.752128666,0.772619048
62bee89b9f0f3e1af0eb46d1,62c0185c237424702d871c96,644cdd5ae29f13001b32f358,0.750440767,0.60952381
62bee89b9f0f3e1af0eb46d1,62c0185c237424702d871c96,644cdd5ae29f13001b32f35a,0.749433107,0.79520417
62bee89b9f0f3e1af0eb46d1,62c0185c237424702d871c96,644cdd5ae29f13001b32f35b,0.749007937,0.763945578
62bee89b9f0f3e1af0eb46d1,62c0185c237424702d871c96,644cdd5ae29f13001b32f35c,0.748876072,0.585034014
62bee89b9f0f3e1af0eb46d1,62c0185c237424702d871c96,644cdd5ae29f13001b32f35e,0.748866213,0.666666667
62bee89b9f0f3e1af0eb46d1,62c0185c237424702d871c96,644cdd5ae29f13001b32f35f,0.748578957,0.5
62bee89b9f0f3e1af0eb46d1,62c0185c237424702d871c96,644cdd5ae29f13001b32f364,0.748571429,0.681746032
62bee89b9f0f3e1af0eb46d1,62c0185c237424702d871c96,644cdd5ae29f13001b32f365,0.74829932,0.611904762
62bee89b9f0f3e1af0eb46d1,62c0185c237424702d871c96,644cdd5ae29f13001b32f369,0.748163758,0.675283447
62bee89b9f0f3e1af0eb46d1,62c0185c237424702d871c96,644cdd5ae29f13001b32f36a,0.747619048,0.571428571
62bee89b9f0f3e1af0eb46d1,62c0185c237424702d871c96,644cdd5ae29f13001b32f36b,0.747619048,0.592857143
62bee89b9f0f3e1af0eb46d1,62c0185c237424702d871c96,644cdd5ae29f13001b32f371,0.747346998,0.571428571
62bee89b9f0f3e1af0eb46d1,62c0185c237424702d871c96,64d093b9866e7c001ba6685c,0.746852158,0.680952381
62bee89b9f0f3e1af0eb46d1,64a4085a3cc38a001c2fcb80,65a932158b37190017bb5566,0.745748299,0.6875
62bee89b9f0f3e1af0eb46d1,64a4085a3cc38a001c2fcb80,65a932168b37190017bb5570,0.745493542,0.857142857
62bee89b9f0f3e1af0eb46d1,64a4085a3cc38a001c2fcb80,65a932168b37190017bb5577,0.745238095,0.83912558
62bee89b9f0f3e1af0eb46d1,64a4085a3cc38a001c2fcb80,65a932168b37190017bb5579,0.744181883,0.711904762
62bee89b9f0f3e1af0eb46d1,64a4085a3cc38a001c2fcb80,65a932168b37190017bb557e,0.744047619,0.94790707
62bee89b9f0f3e1af0eb46d1,64a4085a3cc38a001c2fcb80,65a932168b37190017bb557f,0.743745007,0.889502165
62bee89b9f0f3e1af0eb46d1,64a4085a3cc38a001c2fcb80,65a932168b37190017bb5588,0.743487395,0.761171135
62bee89b9f0f3e1af0eb46d1,64a4085a3cc38a001c2fcb80,65a932168b37190017bb5589,0.742857143,0.55952381
62bee89b9f0f3e1af0eb46d1,64a4085a3cc38a001c2fcb80,65a932168b37190017bb5590,0.742857143,0.849207387
62bee89b9f0f3e1af0eb46d1,64a4085a3cc38a001c2fcb80,65a932168b37190017bb5591,0.742857143,0.870929071
62bee89b9f0f3e1af0eb46d1,653a04ebc1ec7d001b5afee9,65b74ddecf187c001b58a2de,0.742276872,0.784536892
62bee89b9f0f3e1af0eb46d1,653a04ebc1ec7d001b5afee9,65b74ddecf187c001b58a2e6,0.741666667,0.634199134
62bee89b9f0f3e1af0eb46d1,65534b8c5306ac00179f64b9,655368e65306ac00179f64fc,0.741582372,0.905573593
62bee89b9f0f3e1af0eb46d1,65534b8c5306ac00179f64b9,655368e65306ac00179f650e,0.741496599,0.722262623
62bee89b9f0f3e1af0eb46d1,65534b8c5306ac00179f64b9,655368e65306ac00179f6517,0.741284775,0.718253968
62bee89b9f0f3e1af0eb46d1,65534b8c5306ac00179f64b9,655368e65306ac00179f6520,0.741176471,0.858843537
62bee89b9f0f3e1af0eb46d1,659e78e5b1bc68001a7d2e9b,659e7ccc287ad900177e80d5,0.740136054,0.571428571
62bee89b9f0f3e1af0eb46d1,659e78e5b1bc68001a7d2e9b,65c1ac41a81c2b001b4af08f,0.738237137,0.857142857
62c7d5cb2cd72441f4a03e28,65767c6fa788f1001baf3f4e,65768d7800b32d001740ea21,0.737631416,0.829557823
62c7d5cb2cd72441f4a03e28,65767c6fa788f1001baf3f4e,65768d7800b32d001740ea2c,0.736694678,0.56547619
62c7d5cb2cd72441f4a03e28,65767c6fa788f1001baf3f4e,65768d7800b32d001740ea32,0.736245375,0.583333333
62c7d5cb2cd72441f4a03e28,65767c6fa788f1001baf3f4e,65768d7800b32d001740ea39,0.735930736,0.783333333
62c7d5cb2cd72441f4a03e28,65767c6fa788f1001baf3f4e,65768d7800b32d001740ea3a,0.735827664,0.902024725
62c7d5cb2cd72441f4a03e28,65767c6fa788f1001baf3f4e,65768d7800b32d001740ea3e,0.735714286,0.428571429
62c7d6386e2f983780cd3c7f,65768000d41b77001b595343,65768ec99fa1ad001b9f4207,0.734514298,0.923418687
62c7d6386e2f983780cd3c7f,65768000d41b77001b595343,65768ec99fa1ad001b9f420b,0.733908948,0.754251701
62c7d6386e2f983780cd3c7f,65768000d41b77001b595343,65768ec99fa1ad001b9f420d,0.733843537,0.894593254
62c7d6386e2f983780cd3c7f,65768000d41b77001b595343,65768ec99fa1ad001b9f4211,0.733766234,0.709157509
62c7d6386e2f983780cd3c7f,65768000d41b77001b595343,65768ec99fa1ad001b9f4212,0.733333333,0.561904762
62c7d6386e2f983780cd3c7f,65768000d41b77001b595343,65768ec99fa1ad001b9f421b,0.732993197,0.511904762
62c7d6386e2f983780cd3c7f,65768000d41b77001b595343,65768ec99fa1ad001b9f4221,0.73234127,0.678571429
630ca555edc24358e0916c09,630ca761803cf10532ab76fa,64bcf54f273f7d001b2d2f2f,0.730060554,0.761904762
630ca555edc24358e0916c09,630ca761803cf10532ab76fa,64d1c1a0a02446001b40201e,0.729691877,0.758764558
63245d4de5aff648ca6109f0,65ab6c5b9b47db0017411ea2,65ab89458d7d8f001be0274f,0.729591837,0.886848073
63245d4de5aff648ca6109f0,65ab6c5b9b47db0017411ea2,65ab89468d7d8f001be02754,0.728525864,0.673105113
63245d4de5aff648ca6109f0,65ab6c5b9b47db0017411ea2,65ab89468d7d8f001be02762,0.728271728,0.605309247
63245d4de5aff648ca6109f0,65ab6c5b9b47db0017411ea2,65ab89468d7d8f001be02763,0.7280973,0.735574743
63245d4de5aff648ca6109f0,65ab6c5b9b47db0017411ea2,65ab89468d7d8f001be02796,0.727891156,0.653221289
63245e835129027dc5432fb2,633d458c83f3a4269d73fb0b,6437c2c268bce9001bb15e26,0.727813853,0.752380952
63245e835129027dc5432fb2,633d458c83f3a4269d73fb0b,6437c2c268bce9001bb15e27,0.727025356,0.733908948
63245e835129027dc5432fb2,633d458c83f3a4269d73fb0b,6437c2c268bce9001bb15e2a,0.726984127,0.844042161
632c1fde5734894c6b85b626,63fec438025a6c001b98eb1c,63fee3ef025a6c001b98ebfc,0.72639761,0.62414966
632c1fde5734894c6b85b626,63fec438025a6c001b98eb1c,63fee3ef025a6c001b98ebfd,0.726108713,0.789115646
632c1fde5734894c6b85b626,63fec438025a6c001b98eb1c,63fee3ef025a6c001b98ec03,0.724714975,0.834013605
632c1fde5734894c6b85b626,63fec438025a6c001b98eb1c,63fee3ef025a6c001b98ec05,0.723809524,0.639285714
632c1fde5734894c6b85b626,63fec438025a6c001b98eb1c,63fee3ef025a6c001b98ec06,0.723343323,0.923057644
632c1fde5734894c6b85b626,63fec438025a6c001b98eb1c,63fee3ef025a6c001b98ec0c,0.723188163,0.457142857
632c1fde5734894c6b85b626,63fec438025a6c001b98eb1c,63fee3ef025a6c001b98ec0d,0.721074746,0.630952381
632c1fde5734894c6b85b626,63fec438025a6c001b98eb1c,63fee3ef025a6c001b98ec0e,0.720634921,0.828262576
632c1fde5734894c6b85b626,63fec438025a6c001b98eb1c,63fee3ef025a6c001b98ec0f,0.720627983,0.952380952
632c1fde5734894c6b85b626,63fec438025a6c001b98eb1c,63fee3ef025a6c001b98ec15,0.720368107,0.595238095
632c1fde5734894c6b85b626,63fec438025a6c001b98eb1c,63fee3ef025a6c001b98ec17,0.720238095,0.761904762
632c1fde5734894c6b85b626,63fec438025a6c001b98eb1c,63fee3ef025a6c001b98ec1f,0.719064687,0.535714286
632c1fde5734894c6b85b626,655f085f57836300176b0221,65605617856d50001b8cb72c,0.718253968,0.652481447
632c1fde5734894c6b85b626,655f085f57836300176b0221,65605617856d50001b8cb72d,0.716730903,0.396825397
632c1fde5734894c6b85b626,655f085f57836300176b0221,65605617856d50001b8cb72e,0.716673033,0.507142857
632c1fde5734894c6b85b626,655f085f57836300176b0221,65605617856d50001b8cb73f,0.716263503,0.777294863
632c1fde5734894c6b85b626,655f085f57836300176b0221,65605617856d50001b8cb757,0.716152102,0.88591894
632c1fde5734894c6b85b626,655f085f57836300176b0221,65605617856d50001b8cb75d,0.714285714,0.571428571
632c1fde5734894c6b85b626,655f085f57836300176b0221,65605617856d50001b8cb769,0.714285714,0.62670068
632c1fde5734894c6b85b626,655f085f57836300176b0221,65605617856d50001b8cb76a,0.714285714,0.357142857
632c1fde5734894c6b85b626,655f085f57836300176b0221,65605617856d50001b8cb778,0.714285714,0.725460738
632c1fde5734894c6b85b626,655f085f57836300176b0221,65605618856d50001b8cb7a4,0.714285714,0.922079697
632c1fde5734894c6b85b626,655f085f57836300176b0221,65605618856d50001b8cb7a6,0.714285714,0.87244898
632c1fde5734894c6b85b626,655f085f57836300176b0221,65605618856d50001b8cb7aa,0.714285714,0.923766349
633555b446eef47b9e6431f9,63356113a2dcc1590df461e4,64392e9bd227dc00177a3c7c,0.714285714,0.544217687
633555b446eef47b9e6431f9,63356113a2dcc1590df461e4,64392e9bd227dc00177a3c81,0.714285714,0.862131519
633555b446eef47b9e6431f9,63356113a2dcc1590df461e4,64392e9bd227dc00177a3c85,0.714285714,0.738888889
633555b446eef47b9e6431f9,63356113a2dcc1590df461e4,64392e9bd227dc00177a3c8b,0.714285714,0.88680857
633555b446eef47b9e6431f9,63356113a2dcc1590df461e4,64392e9bd227dc00177a3c90,0.714285714,0.714285714
633555b446eef47b9e6431f9,63356113a2dcc1590df461e4,64392e9cd227dc00177a3cec,0.714285714,0.722344322
633555b446eef47b9e6431f9,63356113a2dcc1590df461e4,64392e9cd227dc00177a3cf0,0.714285714,0.8
633555b446eef47b9e6431f9,633565a059c5de546bc2fabc,643ceffe792f51001b7960ef,0.714285714,0.757142857
633555b446eef47b9e6431f9,633565a059c5de546bc2fabc,643ceffe792f51001b79610b,0.714285714,0.745238095
633555b446eef47b9e6431f9,633565a059c5de546bc2fabc,643ceffe792f51001b79610c,0.714285714,0.788888889
633555b446eef47b9e6431f9,633565a059c5de546bc2fabc,643ceffe792f51001b79611d,0.714285714,0.738095238
633555b446eef47b9e6431f9,633565a059c5de546bc2fabc,643ceffe792f51001b796123,0.714285714,0.745454545
633555b446eef47b9e6431f9,633565a059c5de546bc2fabc,643ceffe792f51001b79612b,0.714285714,0.672619048
633555b446eef47b9e6431f9,633568f9cb0fcc6156ffd178,63467f938bf9ff40345df763,0.714285714,0.285714286
633555b446eef47b9e6431f9,633568f9cb0fcc6156ffd178,63467f938bf9ff40345df769,0.714285714,0.285714286
633555b446eef47b9e6431f9,633568f9cb0fcc6156ffd178,65c06d3149e1bf001b878a46,0.714285714,0.642857143
633555b446eef47b9e6431f9,633568f9cb0fcc6156ffd178,65c06d3149e1bf001b878a69,0.714285714,0.716326531
633555b446eef47b9e6431f9,633568f9cb0fcc6156ffd178,65c06d3149e1bf001b878a71,0.714285714,0.633333333
633555b446eef47b9e6431f9,63356c049047a95e18bd4cd8,64ec9efd15331c0018576292,0.714285714,0.476190476
633555b446eef47b9e6431f9,63356c049047a95e18bd4cd8,64ec9f3d0d415c001be19e06,0.714285714,0.715873016
633555b446eef47b9e6431f9,633576948a53495441d82827,649a6bd2d84e7000118eeb97,0.714285714,0.692517007
633555b446eef47b9e6431f9,633576948a53495441d82827,649a6bd2d84e7000118eeba9,0.714285714,0.725262832
633555b446eef47b9e6431f9,633577a4722ee12ae36594a6,64ef44e2a5c7e4001b2ae5dc,0.714285714,0.75
633555b446eef47b9e6431f9,63357973a2dcc1590df463a8,6448b8e1163e410017218063,0.714285714,0.843775848
633555b446eef47b9e6431f9,63357973a2dcc1590df463a8,6448b8e1163e410017218068,0.714285714,0.840414079
633555b446eef47b9e6431f9,63357973a2dcc1590df463a8,6448b8e1163e41001721807c,0.714285714,0.44047619
633555b446eef47b9e6431f9,63357973a2dcc1590df463a8,6448b8e1163e410017218087,0.714285714,0.773015873
633555b446eef47b9e6431f9,63357973a2dcc1590df463a8,651139335f38c4001bfdd24d,0.714285714,0.905158694
633555b446eef47b9e6431f9,6482ee8d4f5bd6001ba34699,648feddde67d820017b6598c,0.714285714,0.415816327
633555b446eef47b9e6431f9,6482ee8d4f5bd6001ba34699,648feddde67d820017b659a1,0.714285714,0.807823129
633555b446eef47b9e6431f9,6482ee8d4f5bd6001ba34699,64c1085ad3323600179dc2e9,0.714285714,0.726190476
633555b446eef47b9e6431f9,64a2b66a474a88001b1a6eb3,64a2c3d8a8b610001b82f3c9,0.714285714,0.836363636
633555b446eef47b9e6431f9,64a2b66a474a88001b1a6eb3,64a2c3d8a8b610001b82f3cf,0.712469079,0.744897959
633555b446eef47b9e6431f9,6565913c856d50001b8cbaf0,6565c636b1d83d001b7ee9a2,0.712234894,0.586834734
633555b446eef47b9e6431f9,6565913c856d50001b8cbaf0,6565c637b1d83d001b7ee9a7,0.712087912,0.772263993
633555b446eef47b9e6431f9,6565913c856d50001b8cbaf0,6565c637b1d83d001b7ee9ab,0.711904762,0.693223443
633555b446eef47b9e6431f9,6565913c856d50001b8cbaf0,6565c637b1d83d001b7ee9ac,0.711800105,0.753896104
633555b446eef47b9e6431f9,6565913c856d50001b8cbaf0,6565c637b1d83d001b7ee9af,0.710884354,0.497372728
633555b446eef47b9e6431f9,6565913c856d50001b8cbaf0,6565c637b1d83d001b7ee9b0,0.710544218,0.56079932
633555b446eef47b9e6431f9,6565913c856d50001b8cbaf0,6565c637b1d83d001b7ee9b4,0.710204082,0.476190476
633aa74a4005b877d2117bf4,6336df8573816f6153ba0322,64d1ef928130e300119eb78b,0.70989011,0.818916203
633aa74a4005b877d2117bf4,6336df8573816f6153ba0322,64d1ef928130e300119eb792,0.709850607,0.795238095
633aa74a4005b877d2117bf4,6336df8573816f6153ba0322,64d1ef928130e300119eb795,0.70952381,0.482142857
633aa74a4005b877d2117bf4,6336df8573816f6153ba0322,64d1ef928130e300119eb797,0.708874459,0.571428571
633aa74a4005b877d2117bf4,6336df8573816f6153ba0322,64d1ef928130e300119eb79a,0.708790433,0.592857143
633aa74a4005b877d2117bf4,6336df8573816f6153ba0322,64d1ef928130e300119eb7af,0.708163265,0.523809524
633aa74a4005b877d2117bf4,6336df8573816f6153ba0322,64d1ef928130e300119eb7b0,0.708163265,0.752380952
633aa74a4005b877d2117bf4,6336df8573816f6153ba0322,64d1f0298130e300119eb816,0.708101422,0.785714286
633ac3e6f502b233052bd11f,633acddfc6ea6e4c7bdcd792,63981aea4081bb1ef0aa5964,0.706802721,0.8969744
633ac3e6f502b233052bd11f,633acddfc6ea6e4c7bdcd792,6544b2092bcdd7001b8c275b,0.704761905,0.285714286
633ac3e6f502b233052bd11f,633acddfc6ea6e4c7bdcd792,6544b250e07e600011937719,0.703920757,0.410289116
633ac3e6f502b233052bd11f,633ad1e3393e6c7a3e3d82ad,646e15e20ecce00017753b5e,0.703523035,0.864115646
633ac3e6f502b233052bd11f,633ad1e3393e6c7a3e3d82ad,646e15e20ecce00017753b9c,0.702380952,0.801619487
63469408bcf1a078aa63687c,6346b2651b3f3d42ec4f7eb5,6437988168bce9001bb1576e,0.701800977,0.628571429
63469408bcf1a078aa63687c,6346b2651b3f3d42ec4f7eb5,6437988368bce9001bb15835,0.701360544,0.743537415
63469408bcf1a078aa63687c,6346b2651b3f3d42ec4f7eb5,6527f3aa8ce182001a0db180,0.7,0.473469388
6365fad672c55c14f8ea59df,63660216af753a3462107eb6,64fc0ce354bd25001711ce65,0.699279712,0.559105844
6365fad672c55c14f8ea59df,63660216af753a3462107eb6,6523a105b8b774001b6fa847,0.699228308,0.391428571
6368b12ed2915c10f4b68571,6368c5a4375cd9258e64caef,64520b5d903ab40017049ec1,0.699134199,0.675605501
6368b12ed2915c10f4b68571,6368c5a4375cd9258e64caef,64520b5d903ab40017049ec4,0.698979592,0.903873577
6368b12ed2915c10f4b68571,6368c5a4375cd9258e64caef,64520b5d903ab40017049ed2,0.698219909,0.837846361
6368b12ed2915c10f4b68571,6368c5a4375cd9258e64caef,64520b5d903ab40017049edf,0.697845805,0.881584503
6368b12ed2915c10f4b68571,6368c5a4375cd9258e64caef,64520b5d903ab40017049ef9,0.697826166,0.937770563
6368b12ed2915c10f4b68571,6368c5a4375cd9258e64caef,64520b5e903ab40017049f13,0.696552338,0.938265306
6368b12ed2915c10f4b68571,6368c5a4375cd9258e64caef,6524f5591b53d8001acdef21,0.695238095,0.857535322
6368b12ed2915c10f4b68571,6368c5a4375cd9258e64caef,6524f5e450b7a500176d6f0c,0.695238095,0.585714286
6368b12ed2915c10f4b68571,6368c5a4375cd9258e64caef,652535cbd31d34001bb3fc68,0.695222906,0.714285714
6368b12ed2915c10f4b68571,6368c5a4375cd9258e64caef,6525360e463414001a65fbe5,0.694557823,0.736666112
6368b12ed2915c10f4b68571,6368c5a4375cd9258e64caef,6525384dd31d34001bb3fc71,0.69420688,0.702380952
6368b12ed2915c10f4b68571,6368c9818bdd5d7186dec66c,6450c9a8903ab400170498e7,0.693231271,0.923809524
6368b12ed2915c10f4b68571,6368c9818bdd5d7186dec66c,6450c9a9903ab400170498e9,0.692857143,0.930652175
6368b12ed2915c10f4b68571,6368c9818bdd5d7186dec66c,6450c9a9903ab400170498f1,0.692857143,0.794047619
6368b12ed2915c10f4b68571,6368c9818bdd5d7186dec66c,6450c9a9903ab400170498f3,0.692445399,0.907142857
6368b12ed2915c10f4b68571,6368c9818bdd5d7186dec66c,6450c9a9903ab400170498fd,0.691666667,0.788311688
6368b12ed2915c10f4b68571,6368c9818bdd5d7186dec66c,6450c9a9903ab40017049903,0.690800866,0.893253968
6368b12ed2915c10f4b68571,6368c9818bdd5d7186dec66c,6450c9a9903ab40017049915,0.690445269,0.854112554
6368b12ed2915c10f4b68571,6368c9818bdd5d7186dec66c,6450c9a9903ab40017049917,0.689781132,0.457823129
6368b12ed2915c10f4b68571,6368c9818bdd5d7186dec66c,659d1b8a649b99001be1360f,0.689686784,0.9
6368b12ed2915c10f4b68571,6368c9818bdd5d7186dec66c,659d1d7648413f001bfbaa38,0.689045875,0.650549451
636b5432f58c726d86373232,636b5a3638130e6fd88a2ba3,65327365bd2aad001b088c24,0.686881729,0.701018589
636b5432f58c726d86373232,636b5a3638130e6fd88a2ba3,6532740d5e6a05001b16016a,0.686507937,0.6145318
636b5432f58c726d86373232,636b5a3638130e6fd88a2ba3,653275460cd96600170f713a,0.685714286,0.684371184
636b5432f58c726d86373232,636b5a3638130e6fd88a2ba3,653275dc0628db00178818da,0.685714286,0.336086957
636b5432f58c726d86373232,636b5a3638130e6fd88a2ba3,6532780ac250d1001b603478,0.685714286,0.857142857
636b5432f58c726d86373232,636b5a3638130e6fd88a2ba3,65327a31406500001bbbdbfe,0.68537415,0.740139325
636b5432f58c726d86373232,636b5a3638130e6fd88a2ba3,65327c7b5e6a05001b160170,0.685064935,0.313186813
636b5432f58c726d86373232,636b5a3638130e6fd88a2ba3,65327cb2c250d1001b60347d,0.682051282,0.71780303
63787a9e7c7d392939c21787,63789bf986bd357d59925933,639ea0958cd98b559f387e51,0.681632653,0.714285714
63787a9e7c7d392939c21787,63789bf986bd357d59925933,64c75b7cf62672001b21dc2d,0.681325864,0.705882353
63787a9e7c7d392939c21787,63789bf986bd357d59925933,65ae4775e341a6001c313931,0.681318681,0.285714286
63787a9e7c7d392939c21787,6476ed124535460018ab5ff2,647b1152b733e9001b501957,0.680952381,0.857142857
63787a9e7c7d392939c21787,6476ed124535460018ab5ff2,647b1153b733e9001b501958,0.680839002,0.714285714
63787a9e7c7d392939c21787,6476ed124535460018ab5ff2,647b1153b733e9001b501965,0.680612245,0.857142857
63787a9e7c7d392939c21787,6476ed124535460018ab5ff2,647b1153b733e9001b5019a0,0.679761905,0.711744161
63787a9e7c7d392939c21787,6476ed124535460018ab5ff2,647b1153b733e9001b5019b2,0.678571429,0.857142857
63787a9e7c7d392939c21787,6476ed124535460018ab5ff2,647b1153b733e9001b5019c3,0.678571429,0.714285714
63787a9e7c7d392939c21787,6476ed124535460018ab5ff2,65af8ac99b47db001741212d,0.678571429,0.42320545
63787a9e7c7d392939c21787,6476ed124535460018ab5ff2,65b0f08414f6e2001ce303e2,0.676743425,0.714285714
63787a9e7c7d392939c21787,6476ed124535460018ab5ff2,65ba4e7d4314c6001b4223dc,0.676360544,0.857142857
63787a9e7c7d392939c21787,6476fa8c4535460018ab604e,647b154c9a68800017331495,0.676190476,0.857142857
63787a9e7c7d392939c21787,6476fa8c4535460018ab604e,647b154c9a68800017331496,0.674752098,0.881613757
63787a9e7c7d392939c21787,6476fa8c4535460018ab604e,647b154c9a6880001733149a,0.674045003,0.571428571
63787a9e7c7d392939c21787,6476fa8c4535460018ab604e,647b154c9a6880001733149c,0.672732426,0.751231527
63787a9e7c7d392939c21787,6476fa8c4535460018ab604e,647b154c9a688000173314a6,0.67169735,0.526409075
63787a9e7c7d392939c21787,6476fa8c4535460018ab604e,647b154c9a688000173314ca,0.671428571,0.857142857
63787a9e7c7d392939c21787,6476fa8c4535460018ab604e,647b154c9a688000173314ce,0.671428571,0.752232143
63787a9e7c7d392939c21787,6476fa8c4535460018ab604e,65af8c418d7d8f001be02d86,0.670748299,0.462992889
63787a9e7c7d392939c21787,6476fa8c4535460018ab604e,65c3440aa81c2b001b4b0918,0.670527578,0.857142857
63787a9e7c7d392939c21787,6476fa8c4535460018ab604e,65c51304a81c2b001b4b26bf,0.670405983,0.857142857
63787a9e7c7d392939c21787,64774028fadc0e0017183814,647b118cb733e9001b501bcb,0.667388167,0.908555366
63787a9e7c7d392939c21787,64775304fadc0e001718384c,647b19619a688000173315f9,0.666666667,0.593252432
63787a9e7c7d392939c21787,64775304fadc0e001718384c,647b19619a68800017331605,0.666666667,0.44988161
63787a9e7c7d392939c21787,64775304fadc0e001718384c,65ae45dd627fc0001b490243,0.666666667,0.857142857
63870a3434186507f935037a,6385bb7e8100701a4e03aa4b,646b1ec4e5f53c001b037d4f,0.665800866,0.630494505
63870a3434186507f935037a,6385bb7e8100701a4e03aa4b,646b1ec4e5f53c001b037d50,0.665398791,0.730167452
63870a3434186507f935037a,6385bb7e8100701a4e03aa4b,646b1ec5e5f53c001b037d71,0.66303414,0.871271586
63870a3434186507f935037a,6385bb7e8100701a4e03aa4b,646b1ec5e5f53c001b037d87,0.661893988,0.525010004
63870a3434186507f935037a,6385bb7e8100701a4e03aa4b,646b1ec5e5f53c001b037dbd,0.661564626,0.764996908
63870a3434186507f935037a,6385c731832fb5102152617a,63872977326b803cf2a00b7c,0.659920635,0.670069292
63870a3434186507f935037a,6385c731832fb5102152617a,63872fdfa326cf0e244f9adc,0.658420944,0.903122295
63870a3434186507f935037a,6385c731832fb5102152617a,638730ef118485362985fb4a,0.657513915,0.790391156
63870a3434186507f935037a,6385c731832fb5102152617a,638732187d7bab2e6efd8b6c,0.657256236,0.921187606
63944549a2229f272c025695,63a295e9ad58e713c0513b18,6596c1feb978b6001cdc630c,0.657153464,0.534013605
63944549a2229f272c025695,6437862268bce9001bb15657,64a8181875d800001b1ac1b3,0.657142857,0.519047619
639843d38cd98b559f384047,659e2868ac85f5001be4c94c,659e3bd49ce12e0017a2f3f3,0.655194805,0.404761905
63ae6a145b5e91598c449128,63ae6fa4e9e1ef02441aedaa,63ce351e010e6200178ed99a,0.654761905,0.428571429
63ae6a145b5e91598c449128,63ae6fa4e9e1ef02441aedaa,647d9692b733e9001b5028c6,0.654761905,0.428571429
63ae6a145b5e91598c449128,65ba29b78a573b001bbf7fe8,65bb1070ac99d00017770bc4,0.654698243,0.693499622
63ae6a145b5e91598c449128,65ba29b78a573b001bbf7fe8,65bb11041eae49001bfd753f,0.653370439,0.785714286
63ae6a145b5e91598c449128,65ba29b78a573b001bbf7fe8,65bb114f2467aa001b26926f,0.652747253,0.690321583
63ae6a145b5e91598c449128,65ba29b78a573b001bbf7fe8,65bb11974314c6001b422418,0.65246112,0.645959735
63ae6a145b5e91598c449128,65ba29b78a573b001bbf7fe8,65bb11fdf0aef70017a24f84,0.652115637,0.880952381
63ae6a145b5e91598c449128,65ba29b78a573b001bbf7fe8,65bb128b9ac3df001b5380d7,0.650931677,0.887445887
63ae6a145b5e91598c449128,65ba29b78a573b001bbf7fe8,65bb12eb4314c6001b42241b,0.650793651,0.647186147
63ae6a145b5e91598c449128,65ba29b78a573b001bbf7fe8,65bb135e2467aa001b269272,0.650026164,0.679761905
63ae6a145b5e91598c449128,65ba29b78a573b001bbf7fe8,65bb13b273628f001b0fc78f,0.649206349,0.709090909
63ae6a145b5e91598c449128,65ba29b78a573b001bbf7fe8,65bb14124314c6001b42241e,0.64829932,0.74025974
63b3e0a104ec4a469372c375,63c26054840eff001b497b06,659e3fe204979b001bbb5e3e,0.647234894,0.857142857
63b3e0a104ec4a469372c375,63c26054840eff001b497b06,659e3fe204979b001bbb5e41,0.647108844,0.857142857
63b3e0a104ec4a469372c375,63c26054840eff001b497b06,659e3fe204979b001bbb5e42,0.646825397,0.896825397
63b3e0a104ec4a469372c375,63c26054840eff001b497b06,659e3fe204979b001bbb5e48,0.646258503,0.857142857
63b3e0a104ec4a469372c375,63c26054840eff001b497b06,659e3fe204979b001bbb5e4d,0.645578231,0.888260255
63b3e0a104ec4a469372c375,63c26054840eff001b497b06,659e3fe204979b001bbb5e51,0.643650794,0.894957983
63b3e0a104ec4a469372c375,63c26054840eff001b497b06,659e3fe204979b001bbb5e55,0.642857143,0.857142857
63b3e0a104ec4a469372c375,63c26054840eff001b497b06,659e3fe204979b001bbb5e58,0.642857143,0.714285714
63b3e0a104ec4a469372c375,63c26054840eff001b497b06,659e3fe204979b001bbb5e5e,0.642857143,0.885204082
63b3e0a104ec4a469372c375,63c26054840eff001b497b06,659e3fe204979b001bbb5e5f,0.64004329,0.857142857
63b3e0a104ec4a469372c375,63c26054840eff001b497b06,659e3fe204979b001bbb5e60,0.639455782,0.857142857
63b3e0a104ec4a469372c375,6548f9222bcdd7001b8c2a2c,659e40989ce12e0017a2f42f,0.637474272,0.913419913
63b3e0a104ec4a469372c375,6548f9222bcdd7001b8c2a2c,659e40989ce12e0017a2f436,0.637102122,0.880952381
63b3e0a104ec4a469372c375,6548f9222bcdd7001b8c2a2c,659e40989ce12e0017a2f439,0.635714286,0.714285714
63b3e0a104ec4a469372c375,6548f9222bcdd7001b8c2a2c,659e40989ce12e0017a2f43a,0.635497835,0.901298701
63c1178d2381e7001bf38f10,63c3cd051a491b0017062b2b,649fbf3a061c49001bb67a00,0.635281385,0.750446429
63c1178d2381e7001bf38f10,63c3cd051a491b0017062b2b,649fbf3a061c49001bb67a05,0.634920635,0.9031477
63c1178d2381e7001bf38f10,63c3cd051a491b0017062b2b,649fbf3a061c49001bb67a06,0.631491687,0.857142857
63c1178d2381e7001bf38f10,63c3cd051a491b0017062b2b,649fbf3a061c49001bb67a07,0.630952381,0.857142857
63c1178d2381e7001bf38f10,63c3cd051a491b0017062b2b,649fbf3a061c49001bb67a08,0.630952381,0.773743017
63c1178d2381e7001bf38f10,63c3cd051a491b0017062b2b,649fbf3a061c49001bb67a0a,0.630952381,0.886904762
63c1178d2381e7001bf38f10,63c3cd051a491b0017062b2b,649fbf3a061c49001bb67a0f,0.629761905,0.714285714
63c1178d2381e7001bf38f10,63c3cd051a491b0017062b2b,649fbf3a061c49001bb67a12,0.629638219,0.887755102
63c1178d2381e7001bf38f10,63c3cd051a491b0017062b2b,649fbf3a061c49001bb67a17,0.628990058,0.888888889
63c1178d2381e7001bf38f10,63c3cd051a491b0017062b2b,649fbf3a061c49001bb67a1a,0.628571429,0.857142857
63c1178d2381e7001bf38f10,63c3cd051a491b0017062b2b,649fbf3a061c49001bb67a1d,0.626839827,0.749440716
63c1178d2381e7001bf38f10,63c3cd051a491b0017062b2b,649fbf3a061c49001bb67a22,0.62585034,0.892857143
63c1178d2381e7001bf38f10,63c3cd051a491b0017062b2b,65844703c8adce00170d41c4,0.625,0.919047619
63c6330732e68a001bf818e9,63c64a4532e68a001bf81950,64187c0e000683001750ede8,0.624449186,0.759022778
63c6330732e68a001bf818e9,63c64a4532e68a001bf81950,64187c0e000683001750edfa,0.622571735,0.835978836
63c6330732e68a001bf818e9,63c64a4532e68a001bf81950,64187c0e000683001750ee0f,0.622077922,0.552197802
63c6330732e68a001bf818e9,63c64a4532e68a001bf81950,64187c0e000683001750ee22,0.621869007,0.751159555
63c6330732e68a001bf818e9,63c64a4532e68a001bf81950,64187c0e000683001750ee81,0.621428571,0.604761905
63c6330732e68a001bf818e9,6426c6cf4f2d2a0017ab18c5,646ca53131db0c0017371eb6,0.621428571,0.380952381
63c6330732e68a001bf818e9,6426c6cf4f2d2a0017ab18c5,646ca53131db0c0017371ebb,0.620995873,0.626839827
63c6330732e68a001bf818e9,6426c6cf4f2d2a0017ab18c5,646ca53131db0c0017371ed7,0.620238095,0.557142857
63c6330732e68a001bf818e9,6426c6cf4f2d2a0017ab18c5,646ca53131db0c0017371ef0,0.619478561,0.517460317
63c6d78c4ebc220017707425,63c6dce8f58273001770fed6,64b54ff401ea73001731a697,0.619047619,0.857142857
63c6d78c4ebc220017707425,63c6dce8f58273001770fed6,64b54ff401ea73001731a69e,0.619047619,0.857142857
63c6d78c4ebc220017707425,63c6dce8f58273001770fed6,64b54ff401ea73001731a6a0,0.619047619,0.857142857
63c6d78c4ebc220017707425,63c6dce8f58273001770fed6,64b54ff401ea73001731a6a7,0.619047619,0.878902554
63c6d78c4ebc220017707425,63c6dce8f58273001770fed6,64b54ff401ea73001731a6a9,0.618253968,0.924369748
63c6d78c4ebc220017707425,63c6dce8f58273001770fed6,64b54ff401ea73001731a6b0,0.617681338,0.857142857
63c6d78c4ebc220017707425,63c6dce8f58273001770fed6,64b54ff401ea73001731a6b9,0.617460317,0.894857143
63d74931822179001b3c8320,6482cf0fbbb87900179650fb,648306824f5bd6001ba34762,0.616326531,0.644660895
63d74931822179001b3c8320,6482cf0fbbb87900179650fb,648306824f5bd6001ba34771,0.615873016,0.402597403
63d74931822179001b3c8320,6482cf0fbbb87900179650fb,648306824f5bd6001ba34779,0.614285714,0.618253968
63d74931822179001b3c8320,6482cf0fbbb87900179650fb,648306d34f5bd6001ba34816,0.614285714,0.859225536
63d74931822179001b3c8320,6482cf0fbbb87900179650fb,648306d44f5bd6001ba34848,0.613394449,0.498268398
63d74931822179001b3c8320,6482d8614f5bd6001ba34682,64830cb24f5bd6001ba34906,0.613001429,0.817456353
63d74931822179001b3c8320,64eca95e15331c001857629b,65717d8b187602001bd26641,0.611734694,0.857142857
63e21aaa13c9aa0017df748a,63e222e759a23f001b7f31a6,641e96130360260017dc33a2,0.610526316,0.64679556
63e21aaa13c9aa0017df748a,63e222e759a23f001b7f31a6,641e96130360260017dc33a4,0.609671435,0.894227024
63e21aaa13c9aa0017df748a,63e222e759a23f001b7f31a6,641e96130360260017dc33a8,0.60952381,0.888119132
63e21aaa13c9aa0017df748a,63e222e759a23f001b7f31a6,641e96130360260017dc33a9,0.60952381,0.725553811
63e21aaa13c9aa0017df748a,63e222e759a23f001b7f31a6,641e96130360260017dc33ab,0.607142857,0.831587302
63e21aaa13c9aa0017df748a,63e222e759a23f001b7f31a6,641e96130360260017dc33b1,0.607142857,0.793247332
63e21aaa13c9aa0017df748a,63e2281213c9aa0017df74da,641e9879b5b03800179fd26d,0.605414747,0.442857143
63e21aaa13c9aa0017df748a,63e2281213c9aa0017df74da,641e9879b5b03800179fd280,0.604666027,0.778571429
63e21aaa13c9aa0017df748a,63e2281213c9aa0017df74da,643fa4b07522fc001b59c5b3,0.604040646,0.285714286
63e21aaa13c9aa0017df748a,63e22ad013c9aa0017df74ec,641c3798e3642c00174287de,0.601948052,0.908615194
63e21aaa13c9aa0017df748a,63e22ad013c9aa0017df74ec,641c3798e3642c00174287f2,0.601257424,0.773088023
63e21aaa13c9aa0017df748a,63e22ad013c9aa0017df74ec,641c3798e3642c0017428805,0.600907029,0.595238095
63e21aaa13c9aa0017df748a,63e22ad013c9aa0017df74ec,641c3799e3642c001742881c,0.600907029,0.852813853
63e21aaa13c9aa0017df748a,63e2384659a23f001b7f3207,641e9a19b5b03800179fd372,0.600340136,0.933940671
63e21aaa13c9aa0017df748a,63e2384659a23f001b7f3207,641e9a19b5b03800179fd375,0.600172653,0.875359659
63e21aaa13c9aa0017df748a,63e2384659a23f001b7f3207,641e9a19b5b03800179fd38a,0.6,0.79138322
63e21aaa13c9aa0017df748a,63e2384659a23f001b7f3207,641e9a19b5b03800179fd38e,0.598448773,0.5
63e21aaa13c9aa0017df748a,63e23c7059a23f001b7f3221,65c0697e68b321001b362d39,0.597238896,0.702380952
63e21aaa13c9aa0017df748a,63e23c7059a23f001b7f3221,65c0697e68b321001b362d46,0.595238095,0.428571429
63e21aaa13c9aa0017df748a,63e23d9b13c9aa0017df7547,646b71841c18ac0017efb85a,0.595238095,0.732426304
63e21aaa13c9aa0017df748a,63e23e9359a23f001b7f322a,641c0e791fed8e001bf4e6fd,0.595238095,0.80952381
63e21aaa13c9aa0017df748a,63e23e9359a23f001b7f322a,641c0e791fed8e001bf4e72b,0.595238095,0.785714286
63e21aaa13c9aa0017df748a,63e23e9359a23f001b7f322a,641c0e791fed8e001bf4e72f,0.595238095,0.698412698
63e21aaa13c9aa0017df748a,641bfe4b1e0eb70017fe2d80,641c2ecbe3642c0017428534,0.595238095,0.428571429
63e21aaa13c9aa0017df748a,641bfe4b1e0eb70017fe2d80,641c2ecbe3642c0017428535,0.594505495,0.375
63e21aaa13c9aa0017df748a,641bfe4b1e0eb70017fe2d80,641c2ecbe3642c0017428536,0.593253968,0.717165899
63e21aaa13c9aa0017df748a,641bfe4b1e0eb70017fe2d80,641c2ecbe3642c0017428538,0.592857143,0.840909091
63e21aaa13c9aa0017df748a,641bfe4b1e0eb70017fe2d80,655c622f5346e5001b55d80c,0.591176471,0.848794063
63e21aaa13c9aa0017df748a,647448cd0f0ad20017ed7fd0,6574049a187602001bd26734,0.590225564,0.490817418
6415a00cc6ab30001bd33a1b,6415b3f83bb5a10017818814,6572b15cdf6df0001bf7916c,0.585714286,0.428571429
64243be351a18d00178c824d,64eca95e15331c001857629b,64ecac284157930017b0de3f,0.585714286,0.857142857
64243be351a18d00178c824d,65ab8097cf187c001b58978c,65aca68f4b3afc001b9b8db2,0.584534393,0.484632035
64243be351a18d00178c824d,65ab8097cf187c001b58978c,65aca6904b3afc001b9b8dc0,0.584183673,0.657585168
64243be351a18d00178c824d,65ab8097cf187c001b58978c,65aca6904b3afc001b9b8dd0,0.583900227,0.43537415
64243be351a18d00178c824d,65ab8097cf187c001b58978c,65aca6904b3afc001b9b8dde,0.583333333,0.489285714
64243be351a18d00178c824d,65ab8097cf187c001b58978c,65aca6904b3afc001b9b8ddf,0.583333333,0.657142857
64243be351a18d00178c824d,65ab8097cf187c001b58978c,65aca6904b3afc001b9b8dee,0.581632653,0.618828316
64243be351a18d00178c824d,65ab8097cf187c001b58978c,65aca6904b3afc001b9b8def,0.581632653,0.60920006
6438cce9f4b0750017cef0d4,644bcccc771e45001ba06e78,645a464ab022c7001bd4d56f,0.580952381,0.773809524
6438cce9f4b0750017cef0d4,644bcccc771e45001ba06e78,645a464ab022c7001bd4d586,0.580952381,0.619047619
6438cce9f4b0750017cef0d4,644bcccc771e45001ba06e78,64804c56d3a8f0001b7210ca,0.580062794,0.67324263
6438cce9f4b0750017cef0d4,644bd7cac414000017145aba,645a48dfb022c7001bd4d73c,0.578571429,0.611904762
6438cce9f4b0750017cef0d4,644bd7cac414000017145aba,645a48dfb022c7001bd4d741,0.577574526,0.459183673
6438cce9f4b0750017cef0d4,644bd7cac414000017145aba,645a48dfb022c7001bd4d753,0.576190476,0.69851577
6438cce9f4b0750017cef0d4,644bd7cac414000017145aba,645a48dfb022c7001bd4d754,0.574912892,0.547619048
6438cce9f4b0750017cef0d4,644bd7cac414000017145aba,645a48dfb022c7001bd4d760,0.572108844,0.913888889
6438cce9f4b0750017cef0d4,644bd7cac414000017145aba,645a48dfb022c7001bd4d76a,0.571428571,0.649659864
6438cce9f4b0750017cef0d4,644bd7cac414000017145aba,653f44646fef4c001b324cb9,0.571428571,0.842857143
6438cce9f4b0750017cef0d4,644cb166d65fa8001bc2b9da,6463840e5aa7790017bc2c3b,0.571428571,0.796536797
6438cce9f4b0750017cef0d4,644cb166d65fa8001bc2b9da,6463840e5aa7790017bc2c3d,0.571428571,0.521825397
6438cce9f4b0750017cef0d4,644cb166d65fa8001bc2b9da,64c100c4ad22410017686e49,0.571428571,0.471428571
643cf44898053e001775ee0d,643cfc0ed554e7001b4d14ef,643d0c67f1100d001b133815,0.571428571,0.628251301
643cf44898053e001775ee0d,643cfc0ed554e7001b4d14ef,643d0c67f1100d001b133825,0.571428571,0.412698413
643cf44898053e001775ee0d,643cfc0ed554e7001b4d14ef,643d0c67f1100d001b133826,0.571428571,0.782721088
643cf44898053e001775ee0d,643cfc0ed554e7001b4d14ef,643d0c67f1100d001b133831,0.571428571,0.796428571
643cf44898053e001775ee0d,643cfc0ed554e7001b4d14ef,644239f74dc3fb001b509fe7,0.571428571,0.285714286
644676f0a582a6001ba346f1,64467e6b4cf60900175ee9a1,6446814b808e5d001bacc663,0.571428571,0.896777826
64490badf3d62b0017653986,643e13ba8ca2b200111ea7ad,645b25d098151e001b1f11fd,0.571428571,0.622222222
64490badf3d62b0017653986,643e13ba8ca2b200111ea7ad,645b25d198151e001b1f1223,0.571428571,0.654761905
64490badf3d62b0017653986,643e13ba8ca2b200111ea7ad,645b25d198151e001b1f1226,0.571428571,0.768707483
64490badf3d62b0017653986,643e13ba8ca2b200111ea7ad,645b25d198151e001b1f122d,0.571428571,0.357142857
64490badf3d62b0017653986,643e13ba8ca2b200111ea7ad,645b25d198151e001b1f122e,0.571428571,0.617687075
64490badf3d62b0017653986,643e13ba8ca2b200111ea7ad,645b25d198151e001b1f1230,0.571428571,0.528571429
64490badf3d62b0017653986,643e13ba8ca2b200111ea7ad,646f0b7fdab717001b9491c6,0.571428571,0.922082046
64490badf3d62b0017653986,643e13ba8ca2b200111ea7ad,646f0bd20ecce000177541c1,0.571428571,0.858376839
64490badf3d62b0017653986,644906431deed7001b34d0ff,645b18f4b022c7001bd4d9ac,0.571428571,0.702380952
64490badf3d62b0017653986,644906431deed7001b34d0ff,645b18f4b022c7001bd4d9cd,0.571428571,0.50952381
64490badf3d62b0017653986,644906431deed7001b34d0ff,64929e87c208e20018b25318,0.571101518,0.5
64490badf3d62b0017653986,644906431deed7001b34d0ff,64929f45b905e8001b5ae5d9,0.570408163,0.654761905
64490badf3d62b0017653986,644906431deed7001b34d0ff,64929f9bc208e20018b2531b,0.566326531,0.642857143
64490badf3d62b0017653986,644906431deed7001b34d0ff,64929feed0dea40017cdc6cb,0.565615337,0.619047619
64490badf3d62b0017653986,64685c04da814f001bd5fe00,646860c58fdafe0017658656,0.56547619,0.802982732
64490c07caa52b001cf01ddb,64492bd9ea2064001b2a009f,646855bd8fdafe001765852e,0.565384615,0.702380952
64490c07caa52b001cf01ddb,64492bd9ea2064001b2a009f,646855bd8fdafe001765855f,0.563339383,0.50952381
64490c07caa52b001cf01ddb,64492bd9ea2064001b2a009f,646855bd8fdafe0017658560,0.56292517,0.749573343
64490c07caa52b001cf01ddb,644ce7b1e29f13001b32f3f3,6476d05e4e484b001b3e15fa,0.561904762,0.70952381
64490c07caa52b001cf01ddb,644ce7b1e29f13001b32f3f3,6476d05e4e484b001b3e160c,0.559626437,0.478571429
64490c07caa52b001cf01ddb,644ce7b1e29f13001b32f3f3,6476d05e4e484b001b3e162a,0.55952381,0.731972789
64490c07caa52b001cf01ddb,644ce7b1e29f13001b32f3f3,6476d05e4e484b001b3e16ad,0.55952381,0.428571429
64490c07caa52b001cf01ddb,644ce7b1e29f13001b32f3f3,6486e259713b73001bacb949,0.559183673,0.772619048
64490c07caa52b001cf01ddb,645239cc903ab4001704a04e,645a6b44b022c7001bd4d88a,0.558263305,0.69181612
64490c07caa52b001cf01ddb,645239cc903ab4001704a04e,645a6b44b022c7001bd4d88d,0.557823129,0.692857143
64490c07caa52b001cf01ddb,645239cc903ab4001704a04e,645a6b44b022c7001bd4d890,0.557142857,0.791329603
64490c07caa52b001cf01ddb,645239cc903ab4001704a04e,645a6b44b022c7001bd4d894,0.557142857,0.92081293
64490c07caa52b001cf01ddb,645239cc903ab4001704a04e,645a6b44b022c7001bd4d897,0.555555556,0.667006803
64490c07caa52b001cf01ddb,645239cc903ab4001704a04e,64ba141403d924001b2495cc,0.553927923,0.837807546
64490c07caa52b001cf01ddb,64523ddd7b196c00173b8afe,649920368a5b970017ac7b02,0.551948052,0.678571429
64490c07caa52b001cf01ddb,64523ddd7b196c00173b8afe,649920368a5b970017ac7b0d,0.551948052,0.714285714
64490c07caa52b001cf01ddb,64523ddd7b196c00173b8afe,649920368a5b970017ac7b18,0.551020408,0.654201681
64490c07caa52b001cf01ddb,64523ddd7b196c00173b8afe,649920368a5b970017ac7b22,0.547619048,0.614285714
64490c07caa52b001cf01ddb,645387b802b2d10017df3f6a,6481660ec73282001b0a2dc2,0.547619048,0.912467585
64490c07caa52b001cf01ddb,645387b802b2d10017df3f6a,6481660ec73282001b0a2dc6,0.547619048,0.880276969
64490c07caa52b001cf01ddb,645387b802b2d10017df3f6a,6481660ec73282001b0a2dca,0.547619048,0.787755102
64490c07caa52b001cf01ddb,645387b802b2d10017df3f6a,6481660ec73282001b0a2dd1,0.546622097,0.756943565
64490c07caa52b001cf01ddb,645387b802b2d10017df3f6a,6481660ec73282001b0a2dd2,0.546176046,0.75
64490c07caa52b001cf01ddb,645387b802b2d10017df3f6a,6481660ec73282001b0a2ddf,0.542279942,0.816326531
64490c07caa52b001cf01ddb,645387b802b2d10017df3f6a,6481660ec73282001b0a2de0,0.541208791,0.523809524
64490c07caa52b001cf01ddb,645387b802b2d10017df3f6a,6481660ec73282001b0a2de1,0.53968254,0.518367347
64490c07caa52b001cf01ddb,645387b802b2d10017df3f6a,6481660ec73282001b0a2dec,0.53968254,0.645670996
64490c07caa52b001cf01ddb,645387b802b2d10017df3f6a,6481660ec73282001b0a2ded,0.535714286,0.821212121
64490c07caa52b001cf01ddb,645387b802b2d10017df3f6a,6481660ec73282001b0a2def,0.535714286,0.736394558
64490c07caa52b001cf01ddb,645387b802b2d10017df3f6a,6481660ec73282001b0a2dfb,0.535714286,0.428571429
64490c07caa52b001cf01ddb,645387b802b2d10017df3f6a,651fee8feec3370017fdb509,0.535714286,0.658730159
64490c07caa52b001cf01ddb,645391c17b196c00173b9192,645b380851dc99001b017b02,0.531135531,0.873258145
64490c07caa52b001cf01ddb,645391c17b196c00173b9192,645b380851dc99001b017b08,0.530612245,0.785164066
64490c07caa52b001cf01ddb,645391c17b196c00173b9192,645b380851dc99001b017b29,0.53030303,0.849489796
64490c07caa52b001cf01ddb,645391c17b196c00173b9192,647472bf94605300172c18c4,0.528932179,0.969111979
64490c07caa52b001cf01ddb,6453994c7b196c00173b91a8,645b2fe551dc99001b0179cc,0.528300866,0.85685505
64490c07caa52b001cf01ddb,6453994c7b196c00173b91a8,645b2fe651dc99001b0179ed,0.526406926,0.681318681
64490c3f53b9bd001797d106,64413e2a7522fc001b59cf13,6475a09b808a460017bb3510,0.524680725,0.715018315
64490c3f53b9bd001797d106,64413e2a7522fc001b59cf13,6475a09b808a460017bb3514,0.523809524,0.740263413
64490c3f53b9bd001797d106,64413e2a7522fc001b59cf13,6475a09b808a460017bb3515,0.523809524,0.285714286
64490c3f53b9bd001797d106,64413e2a7522fc001b59cf13,6475a09b808a460017bb3517,0.523809524,0.705156114
64490c3f53b9bd001797d106,64413e2a7522fc001b59cf13,6475a09b808a460017bb3518,0.523809524,0.738095238
64490c3f53b9bd001797d106,64413e2a7522fc001b59cf13,6475a09b808a460017bb351b,0.523809524,0.750342968
64490c3f53b9bd001797d106,64413e2a7522fc001b59cf13,6475a09b808a460017bb351e,0.523809524,0.333333333
64490c3f53b9bd001797d106,64413e2a7522fc001b59cf13,6475a09b808a460017bb3525,0.522377372,0.565306122
64490c3f53b9bd001797d106,64413e2a7522fc001b59cf13,6475a09b808a460017bb3526,0.521428571,0.902156667
64490c3f53b9bd001797d106,64413e2a7522fc001b59cf13,6475a09b808a460017bb352a,0.521258503,0.733163265
64490c3f53b9bd001797d106,64413e2a7522fc001b59cf13,6475a09b808a460017bb352f,0.517460317,0.799344932
64490c3f53b9bd001797d106,64413e2a7522fc001b59cf13,6475a09b808a460017bb3534,0.517159278,0.365079365
64490c3f53b9bd001797d106,64413e2a7522fc001b59cf13,6475a09b808a460017bb353a,0.515588972,0.879599567
64490c3f53b9bd001797d106,644bbe23771e45001ba06e3e,64a782069fc246001b175aa6,0.515306122,0.415584416
64490c3f53b9bd001797d106,644bbe23771e45001ba06e3e,64a782069fc246001b175aa7,0.515151515,0.428571429
64490c3f53b9bd001797d106,644bbe23771e45001ba06e3e,64a782069fc246001b175aaa,0.514631173,0.380952381
64490c3f53b9bd001797d106,644bbe23771e45001ba06e3e,64a782069fc246001b175aab,0.513528139,0.303571429
64490c3f53b9bd001797d106,644bbe23771e45001ba06e3e,64a782069fc246001b175aad,0.512554113,0.380952381
64490c3f53b9bd001797d106,644bbe23771e45001ba06e3e,64a782069fc246001b175ab0,0.511904762,0.408163265
64490c3f53b9bd001797d106,644bbe23771e45001ba06e3e,64a782069fc246001b175ab3,0.511904762,0.428571429
64490c3f53b9bd001797d106,644bbe23771e45001ba06e3e,64a782069fc246001b175ab4,0.510204082,0.361904762
64490c3f53b9bd001797d106,644bbe23771e45001ba06e3e,64a782069fc246001b175abe,0.510204082,0.4
64490c3f53b9bd001797d106,644bbe23771e45001ba06e3e,64a782069fc246001b175abf,0.50952381,0.378151261
64490c3f53b9bd001797d106,644bbe23771e45001ba06e3e,64a782069fc246001b175ac2,0.508333333,0.285714286
64490c3f53b9bd001797d106,644bbe23771e45001ba06e3e,64a782079fc246001b175ad1,0.506973684,0.285714286
64490c3f53b9bd001797d106,644bbe23771e45001ba06e3e,64a782079fc246001b175ad3,0.506802721,0.285714286
64490c3f53b9bd001797d106,644bbe23771e45001ba06e3e,64a782079fc246001b175ad5,0.505189255,0.285714286
64490c3f53b9bd001797d106,644bbe23771e45001ba06e3e,64a782079fc246001b175ad6,0.504578755,0.857142857
64490c3f53b9bd001797d106,644bbe23771e45001ba06e3e,64a782079fc246001b175ade,0.504535147,0.342857143
64490c3f53b9bd001797d106,644bbe23771e45001ba06e3e,64a782079fc246001b175ae0,0.504313544,0.333333333
64490c3f53b9bd001797d106,644bbe23771e45001ba06e3e,64a782079fc246001b175ae1,0.503401361,0.357142857
64490c3f53b9bd001797d106,644bbe23771e45001ba06e3e,64a782079fc246001b175b01,0.503401361,0.333333333
64490c3f53b9bd001797d106,644bbe23771e45001ba06e3e,64a782079fc246001b175b02,0.501616031,0.428571429
645b817d1475d3001bfa4b73,645b8e694e3c4b0017e6aa8b,645b926765565f001aba38c2,0.5,0.740136054
645b817d1475d3001bfa4b73,645b8e694e3c4b0017e6aa8b,645b926765565f001aba38c4,0.5,0.583333333
645b817d1475d3001bfa4b73,645b8e694e3c4b0017e6aa8b,645b926765565f001aba38d4,0.5,0.722222222
645b817d1475d3001bfa4b73,645b8e694e3c4b0017e6aa8b,645b926765565f001aba3900,0.5,0.896753789
6464fc41af9792001b3e0fcd,646508cc1bf3a6001b7b9e84,648eebc9c0a7c7001714d58b,0.5,0.285714286
6464fc41af9792001b3e0fcd,646508cc1bf3a6001b7b9e84,648eebc9c0a7c7001714d591,0.499778447,0.285714286
6464fc41af9792001b3e0fcd,64650da5f7de5800171f7fee,648f03a35b226e0017462a8b,0.499415478,0.894265544
6464fc41af9792001b3e0fcd,64650da5f7de5800171f7fee,648f03a35b226e0017462a97,0.497732426,0.869995928
6464fc41af9792001b3e0fcd,64650da5f7de5800171f7fee,648f03a35b226e0017462aa2,0.49621268,0.865543642
6464fc41af9792001b3e0fcd,64650da5f7de5800171f7fee,648f03a35b226e0017462aad,0.496145125,0.839561326
6464fc41af9792001b3e0fcd,64650da5f7de5800171f7fee,648ff83163ca52001b3bee5b,0.495238095,0.819631884
6464fc41af9792001b3e0fcd,64650da5f7de5800171f7fee,648ffc4040e315001b2a0d38,0.488682746,0.747301291
6464fc41af9792001b3e0fcd,64650da5f7de5800171f7fee,649955d4299d91001b7a4be2,0.486831604,0.857142857
6464fc41af9792001b3e0fcd,64651206f7de5800171f800a,648ffd97902651001b5a5234,0.485714286,0.638337643
6464fc41af9792001b3e0fcd,64651206f7de5800171f800a,648ffdaf40e315001b2a0d61,0.485714286,0.906104516
6464fc41af9792001b3e0fcd,64651206f7de5800171f800a,648ffe04902651001b5a523b,0.485281385,0.527983921
6464fc41af9792001b3e0fcd,64651206f7de5800171f800a,648ffe3863ca52001b3befb3,0.482142857,0.285714286
6464fc41af9792001b3e0fcd,64651206f7de5800171f800a,648ffed240e315001b2a0d6b,0.480952381,0.74471894
6464fc41af9792001b3e0fcd,64651206f7de5800171f800a,648fff63902651001b5a526f,0.479591837,0.859368386
6464fc41af9792001b3e0fcd,64651206f7de5800171f800a,6490044b902651001b5a531b,0.478491397,0.811184127
6464fc41af9792001b3e0fcd,6465a15f1bf3a6001b7b9fa4,648eec56e42a8f00174bf19e,0.476339286,0.535714286
6464fc41af9792001b3e0fcd,6465a15f1bf3a6001b7b9fa4,648eec56e42a8f00174bf19f,0.476190476,0.523351648
6464fc41af9792001b3e0fcd,6465a15f1bf3a6001b7b9fa4,648eec56e42a8f00174bf1a9,0.476190476,0.452380952
6464fc41af9792001b3e0fcd,6465a15f1bf3a6001b7b9fa4,648eec56e42a8f00174bf1b3,0.476190476,0.651515152
6464fc41af9792001b3e0fcd,6465a15f1bf3a6001b7b9fa4,648eec56e42a8f00174bf1b4,0.476190476,0.910277817
6464fc41af9792001b3e0fcd,6465a15f1bf3a6001b7b9fa4,648eec56e42a8f00174bf1b5,0.476190476,0.717970522
6464fc41af9792001b3e0fcd,6465a15f1bf3a6001b7b9fa4,648eec56e42a8f00174bf1b9,0.474157091,0.489795918
6464fc41af9792001b3e0fcd,6465a15f1bf3a6001b7b9fa4,648eec56e42a8f00174bf1be,0.471428571,0.89365408
6464fc41af9792001b3e0fcd,6465a15f1bf3a6001b7b9fa4,648eec56e42a8f00174bf1c4,0.468253968,0.5254329
6464fc41af9792001b3e0fcd,6465a15f1bf3a6001b7b9fa4,648eec56e42a8f00174bf1cb,0.466004584,0.714285714
6464fc41af9792001b3e0fcd,6465a15f1bf3a6001b7b9fa4,64900595902651001b5a5325,0.464285714,0.830311793
6464fc41af9792001b3e0fcd,6465a15f1bf3a6001b7b9fa4,6490f70208236d0011e16977,0.460931334,0.617323853
6464fc41af9792001b3e0fcd,6465a15f1bf3a6001b7b9fa4,6490f70208236d0011e16982,0.458689459,0.839010989
6464fc41af9792001b3e0fcd,6465a15f1bf3a6001b7b9fa4,6490f70208236d0011e1698c,0.457504521,0.455782313
6464fc41af9792001b3e0fcd,6465a15f1bf3a6001b7b9fa4,65531c2eaacd6b001bc622ca,0.455782313,0.736394558
6464fc41af9792001b3e0fcd,6465a15f1bf3a6001b7b9fa4,65531f40dceb84001bd878c5,0.452380952,0.927179265
6464fc41af9792001b3e0fcd,6465b6781bf3a6001b7ba09c,648ee628955d1a001b6baf84,0.452380952,0.821985738
6464fc41af9792001b3e0fcd,6465d005049d0c001b029ab4,648ef7566cf94400176db38a,0.452380952,0.75675244
6464fc41af9792001b3e0fcd,6465d005049d0c001b029ab4,648ef7566cf94400176db391,0.452380952,0.615881822
6464fc41af9792001b3e0fcd,6465d005049d0c001b029ab4,648ef7566cf94400176db39d,0.450963719,0.772789116
6464fc41af9792001b3e0fcd,6465d005049d0c001b029ab4,648ef7566cf94400176db39e,0.444444444,0.73522861
6464fc41af9792001b3e0fcd,6465d005049d0c001b029ab4,648ef7566cf94400176db3a0,0.442857143,0.638582618
6464fc41af9792001b3e0fcd,6465d005049d0c001b029ab4,648ef7566cf94400176db3b1,0.442307105,0.654298083
6464fc41af9792001b3e0fcd,6465d005049d0c001b029ab4,648ef7566cf94400176db3c2,0.442176871,0.730048141
6464fc41af9792001b3e0fcd,6465d005049d0c001b029ab4,649003a863ca52001b3bf057,0.441713258,0.725
6464fc41af9792001b3e0fcd,6465d01a822e2f0017d41cd5,649a6d3cd84e7000118eec21,0.44047619,0.927654927
6464fc41af9792001b3e0fcd,6465e81cf7de5800171f83cd,648ed41be42a8f00174bed27,0.43920068,0.847293502
6464fc41af9792001b3e0fcd,648d4ec3c0a7c7001714cd54,648f1dbbe42a8f00174bfa3b,0.429591837,0.753688676
6464fc41af9792001b3e0fcd,648d4ec3c0a7c7001714cd54,649137c58fd4f00011ab99e1,0.428571429,0.728587063
6464fc41af9792001b3e0fcd,648d66e1e42a8f00174beb94,648f1b53e42a8f00174bf8ec,0.428571429,0.285714286
6464fc41af9792001b3e0fcd,648d66e1e42a8f00174beb94,648f1b53e42a8f00174bf915,0.428571429,0.285714286
6464fc41af9792001b3e0fcd,64b11aecd77d600017f4d07a,655af8245346e5001b55d6b0,0.428571429,0.758430487
6464fc41af9792001b3e0fcd,64b11aecd77d600017f4d07a,655af8ee57836300176aff77,0.428571429,0.83807756
6464fc41af9792001b3e0fcd,64b11aecd77d600017f4d07a,655af9c7f792cb001751cb00,0.428571429,0.939973138
6464fc41af9792001b3e0fcd,657d79a527146400174d2bd3,657d86b3e05334001b8e32d9,0.428571429,0.285714286
6464fc41af9792001b3e0fcd,657d79a527146400174d2bd3,657d86b3e05334001b8e32e3,0.428571429,0.714285714
6464fc41af9792001b3e0fcd,657d79a527146400174d2bd3,657d86b3e05334001b8e32e4,0.428571429,0.943230349
6464fc41af9792001b3e0fcd,657d79a527146400174d2bd3,657d86b3e05334001b8e32ef,0.428571429,0.947275759
6464fc41af9792001b3e0fcd,657d79a527146400174d2bd3,65b74a4bf0aef70017a24be2,0.428571429,0.751374954
6464fc41af9792001b3e0fcd,657d79a527146400174d2bd3,65b74acbf0aef70017a24be5,0.428571429,0.819881211
6464fc41af9792001b3e0fcd,657fdf04e05334001b8e3475,657fe924d9dbf9001bbe22c7,0.428571429,0.763848599
6464fc41af9792001b3e0fcd,657fdf04e05334001b8e3475,6582e63dc8adce00170d4095,0.428571429,0.762922932
6464fc41af9792001b3e0fcd,657fdf04e05334001b8e3475,65ae18ebf9bfa9001b5352dd,0.428571429,0.494660895
6464fc41af9792001b3e0fcd,657fdf04e05334001b8e3475,65b9f39d412231001afb4128,0.428571429,0.476190476
6464fc41af9792001b3e0fcd,6582c55bc8adce00170d405d,6582ca0bc8adce00170d4065,0.428571429,0.447700448
6464fc41af9792001b3e0fcd,6582c55bc8adce00170d405d,6582ca5ec8adce00170d406a,0.428571429,0.510973379
6479e33478c3a10017910b46,6479f89811f872001b0dfc50,64a527d166e83c001b1a5f54,0.428571429,0.414285714
6479e33478c3a10017910b46,6479f89811f872001b0dfc50,64a527d166e83c001b1a5f7e,0.428571429,0.482993197
6479e33478c3a10017910b46,647acb9211f872001b0dfc82,64a6739b62e4f0001ce28c57,0.428571429,0.815584416
6479e33478c3a10017910b46,647acb9211f872001b0dfc82,64a6739b62e4f0001ce28c65,0.428571429,0.743818681
6479e33478c3a10017910b46,647acb9211f872001b0dfc82,64a6739b62e4f0001ce28c67,0.428571429,0.704292929
6479e33478c3a10017910b46,647acb9211f872001b0dfc82,64a6739b62e4f0001ce28c73,0.428571429,0.882286146
6479e33478c3a10017910b46,647acb9211f872001b0dfc82,64a6739b62e4f0001ce28c8f,0.428571429,0.712018141
6479e33478c3a10017910b46,647acb9211f872001b0dfc82,64a6739b62e4f0001ce28c9b,0.428571429,0.835067873
6479e33478c3a10017910b46,647acb9211f872001b0dfc82,64a6739b62e4f0001ce28ca7,0.42481203,0.950488333
6479e33478c3a10017910b46,64842a89b97cb9001bf1973e,64be538e887def001b94071f,0.424489796,0.843460925
6486ebeef6cb64001b903ee1,6488107f61825300175e90c2,64c4bb7ece8a4d0011564fab,0.423376623,0.65332446
6486ebeef6cb64001b903ee1,6488107f61825300175e90c2,64c4bb7ece8a4d0011564fc0,0.4224665,0.568427371
6486ebeef6cb64001b903ee1,6488107f61825300175e90c2,64c4bb7ece8a4d0011564fc3,0.421428571,0.635552676
6486ebeef6cb64001b903ee1,6488107f61825300175e90c2,64c4bb7ece8a4d0011564fce,0.420634921,0.861463614
6486ebeef6cb64001b903ee1,6488107f61825300175e90c2,64c4bb7ece8a4d0011564fd2,0.418367347,0.727563112
6486ebeef6cb64001b903ee1,6488107f61825300175e90c2,64c4bb7ece8a4d0011564fd7,0.417232994,0.802472527
6486ebeef6cb64001b903ee1,6488107f61825300175e90c2,64c4bb7ece8a4d0011564fdd,0.414965986,0.766250799
6486ebeef6cb64001b903ee1,6488107f61825300175e90c2,656ed1aa866352001796217c,0.414285714,0.711577478
6486ebeef6cb64001b903ee1,64881d2e61825300175e9116,64e5f5b7bbddd9001b5763f3,0.414285714,0.843864469
6486ebeef6cb64001b903ee1,64881d2e61825300175e9116,64e5f5b7bbddd9001b576405,0.413095238,0.476190476
6486ebeef6cb64001b903ee1,64881d2e61825300175e9116,64e5f5b7bbddd9001b57640b,0.412815126,0.568515912
6486ebeef6cb64001b903ee1,6488235861825300175e912a,64ca219d177eff001133ffbf,0.411428571,0.836584331
6486ebeef6cb64001b903ee1,64886a50b74dd00017010eaf,64ec64fdc7d935001bb538a8,0.410714286,0.680952381
64a6780d79c3110017664495,64a695941f62d6001b2a1656,659e3d59b1bc68001a7d2d00,0.404761905,0.892393321
64a6780d79c3110017664495,64a695941f62d6001b2a1656,659e3d59b1bc68001a7d2d0e,0.404761905,0.857142857
64a6780d79c3110017664495,64a695941f62d6001b2a1656,659e3d59b1bc68001a7d2d1c,0.402597403,0.897959184
64a6780d79c3110017664495,64a695941f62d6001b2a1656,659e3d59b1bc68001a7d2d1e,0.4,0.857142857
64a6780d79c3110017664495,64a695941f62d6001b2a1656,659e3d59b1bc68001a7d2d1f,0.4,0.857142857
64a6780d79c3110017664495,64a695941f62d6001b2a1656,659e3d59b1bc68001a7d2d2d,0.4,0.714285714
64a6780d79c3110017664495,64a695941f62d6001b2a1656,659e3d59b1bc68001a7d2d2f,0.4,0.904135338
64a6780d79c3110017664495,64a695941f62d6001b2a1656,659e3d59b1bc68001a7d2d3a,0.397959184,0.857142857
64a6780d79c3110017664495,64a695941f62d6001b2a1656,659e3d59b1bc68001a7d2d3b,0.396825397,0.857142857
64a6780d79c3110017664495,64a695941f62d6001b2a1656,659e3d59b1bc68001a7d2d3d,0.395918367,0.906349206
64a6780d79c3110017664495,64a695941f62d6001b2a1656,65c476469752d6001b58b1df,0.392857143,0.857142857
64a67866800adb0017958767,64a699c96bd359001b4c584c,659e427bac85f5001be4c982,0.39047619,0.857142857
64a67866800adb0017958767,64a699c96bd359001b4c584c,659e427bac85f5001be4c983,0.387755102,0.857142857
64a67866800adb0017958767,64a699c96bd359001b4c584c,659e427bac85f5001be4c98c,0.386904762,0.857142857
64a67866800adb0017958767,64a699c96bd359001b4c584c,659e427bac85f5001be4c98d,0.380952381,0.737373737
64a67866800adb0017958767,64a699c96bd359001b4c584c,659e427bac85f5001be4c98f,0.380952381,0.857142857
64a67866800adb0017958767,64a699c96bd359001b4c584c,659e427bac85f5001be4c999,0.380952381,0.886904762
64a67866800adb0017958767,64a699c96bd359001b4c584c,659e427bac85f5001be4c99b,0.380952381,0.857142857
64a67866800adb0017958767,64a699c96bd359001b4c584c,659e427bac85f5001be4c9a6,0.376190476,0.857142857
64a67866800adb0017958767,64a699c96bd359001b4c584c,659e427bac85f5001be4c9a8,0.375,0.894179894
64a67866800adb0017958767,64a699c96bd359001b4c584c,659e427bac85f5001be4c9b1,0.37254902,0.857142857
64a67866800adb0017958767,64a699c96bd359001b4c584c,659e427bac85f5001be4c9b3,0.363636364,0.857142857
64a67866800adb0017958767,64a699c96bd359001b4c584c,65a8b5909b47db0017411c41,0.361904762,0.909090909
64ad060cf75c39001b96ada8,64ad0aafb9c825001666838d,65b4a7d2cf187c001b589f6b,0.357142857,0.926300825
64ad060cf75c39001b96ada8,64ad0aafb9c825001666838d,65b4a7ea0b4593001c7abcc7,0.357142857,0.747659663
64ad060cf75c39001b96ada8,64ad0aafb9c825001666838d,65b4a82e8d7d8f001be02f97,0.357142857,0.424751719
64ba09ffe1818b001b3863d6,64d49a53ef91fd001b9727f8,6567332422fb0b001784f771,0.357142857,0.535714286
64ba09ffe1818b001b3863d6,64d49a53ef91fd001b9727f8,6567332422fb0b001784f77e,0.357142857,0.766190635
64ba09ffe1818b001b3863d6,64d49a53ef91fd001b9727f8,6567332422fb0b001784f7a6,0.357142857,0.571428571
64ba09ffe1818b001b3863d6,64d49a53ef91fd001b9727f8,6568357822fb0b001784f86c,0.354037267,0.778911565
64ba09ffe1818b001b3863d6,64d49a53ef91fd001b9727f8,6568357822fb0b001784f873,0.345238095,0.683333333
64ba09ffe1818b001b3863d6,64d49a53ef91fd001b9727f8,6568357822fb0b001784f876,0.333333333,0.637755102
64ba09ffe1818b001b3863d6,64d49a53ef91fd001b9727f8,6568357822fb0b001784f87c,0.333333333,0.547619048
64be88de505f61001b721dea,64c0f5d942b6ea0017698989,64c25004a917da0010c8c6f4,0.327267081,0.285714286
64d61bdc1ab7be001b0c18c7,64ba0f8e431766001bb6dfcc,64ec7f654397810017569c1d,0.317460317,0.285714286
64d61bdc1ab7be001b0c18c7,64ba0f8e431766001bb6dfcc,64ec7f664397810017569c27,0.313186813,0.777432712
64d61bdc1ab7be001b0c18c7,64ba0f8e431766001bb6dfcc,64ec7f664397810017569c3f,0.30952381,0.5
64d61bdc1ab7be001b0c18c7,64ba0f8e431766001bb6dfcc,64ec7f664397810017569c48,0.306122449,0.89330168
64d61bdc1ab7be001b0c18c7,65141454dd6af6001b8ef756,651fb812524e73001b9ad7a9,0.304347826,0.494047619
64d61bdc1ab7be001b0c18c7,65141454dd6af6001b8ef756,65c0d1fef0aef70017a2541f,0.296703297,0.629251701
64d61d5f7137f6001b3b8d9b,64ddf35917201a001b2a91e9,64ec6f75babbec001b299ef0,0.285714286,0.476190476
64d61d5f7137f6001b3b8d9b,64ddf35917201a001b2a91e9,64ec6f75babbec001b299ef6,0.285714286,0.882985416
64d61d5f7137f6001b3b8d9b,64ddf35917201a001b2a91e9,64ec6f75babbec001b299f0e,0.285714286,0.571428571
64d61d5f7137f6001b3b8d9b,64ddf35917201a001b2a91e9,64ec6f75babbec001b299f4e,0.285714286,0.712772715
64d61d5f7137f6001b3b8d9b,64ddf35917201a001b2a91e9,64ec6f75babbec001b299f5d,0.285714286,0.603741497
64d61d5f7137f6001b3b8d9b,64ddf35917201a001b2a91e9,64ec6f75babbec001b299f6c,0.285714286,0.7
64dcd37af4de31001b3a8343,652911bdf8d98b001bea9b29,65292dbcb52d90001b98d363,0.285714286,0.916465941
64dcd37af4de31001b3a8343,652911bdf8d98b001bea9b29,65292dbcb52d90001b98d36d,0.285714286,0.673922902
64dcd37af4de31001b3a8343,6571d3d5d98a6d00171a93a7,6571d7a75863b2001be4d778,0.285714286,0.815010297
64dcd37af4de31001b3a8343,6571d3d5d98a6d00171a93a7,6571d7a75863b2001be4d77c,0.285714286,0.833016993
64dcd37af4de31001b3a8343,6571d3d5d98a6d00171a93a7,6571d7a75863b2001be4d786,0.285714286,0.92511543
64dcd37af4de31001b3a8343,6571d3d5d98a6d00171a93a7,6571d7a75863b2001be4d7a6,0.285714286,0.885047784
64dcd37af4de31001b3a8343,65990a9504979b001bbb5bab,6599191b6ec481001b104f7f,0.285714286,0.285714286
64dcd37af4de31001b3a8343,65990a9504979b001bbb5bab,6599193f649b99001be132d9,0.285714286,0.428571429
64dcd37af4de31001b3a8343,65990a9504979b001bbb5bab,659919ac9ce12e0017a2f146,0.285714286,0.285714286
64deefcd895a9b001b1517a9,63f49b896c60ed001aa08849,64f8029ce7034b001b9df494,0.285714286,0.811661631
64deefcd895a9b001b1517a9,63f49b896c60ed001aa08849,64f8029ce7034b001b9df49c,0.285714286,0.880346719
64deefcd895a9b001b1517a9,63f49b896c60ed001aa08849,650461bdfa3e2f001a6bfeae,0.285714286,0.963428207
64deefcd895a9b001b1517a9,63f49b896c60ed001aa08849,650461ed831d4a001bf5b2de,0.285714286,0.824539026
64deefcd895a9b001b1517a9,63f49b896c60ed001aa08849,650a871cdab1a80016ca85cb,0.285714286,0.696428571
64deefcd895a9b001b1517a9,63f49b896c60ed001aa08849,650a8805d0e353001bddd7cb,0.285714286,0.785714286
64deefcd895a9b001b1517a9,63f49b896c60ed001aa08849,6517b3f97a24dd001be18afa,0.285714286,0.571428571
64deefcd895a9b001b1517a9,63f49b896c60ed001aa08849,6517b4463e837c001bf6969c,0.285714286,0.714285714
64deefcd895a9b001b1517a9,63f49b896c60ed001aa08849,6517b4f28cb450001ce88023,0.285714286,0.428571429
64deefcd895a9b001b1517a9,63f49b896c60ed001aa08849,6517b53af2bd4f0017e453c9,0.285714286,0.714285714
64deefcd895a9b001b1517a9,63f49b896c60ed001aa08849,65485b32d46bd0001b33f594,0.285714286,0.746031746
64df68855be2dd0017df2e13,64df6f23681c15001b951654,64df774530814500171fec36,0.285714286,0.619047619
64e33cca77a4b10017691075,6397f84ed6a6982bfd8544f7,64e2fd7d07c182001bba0dd0,0.285714286,0.898423369
64e33cca77a4b10017691075,6397f84ed6a6982bfd8544f7,64e2fd7d07c182001bba0ddb,0.285714286,0.76208681
64e33cca77a4b10017691075,6397f84ed6a6982bfd8544f7,6503015d9a19670017e15ef2,0.285714286,0.857142857
64e33cca77a4b10017691075,6397f84ed6a6982bfd8544f7,652cde2ddb4ec900177a5e15,0.285714286,0.634920635
64ef112a15331c00185764b6,652fb2cbfeb690001008df8b,6530c1c82e7a44001bd0833a,0.285714286,0.5
64ef112a15331c00185764b6,65990a9504979b001bbb5bab,6599191b6ec481001b104f7f,0.285714286,0.285714286
64ef112a15331c00185764b6,65990a9504979b001bbb5bab,6599193f649b99001be132d9,0.285714286,0.428571429
650eaa5d1b1432001b409943,650ead650b6ef7001bcbdca6,6517e4e43a3ee4001bbe23ad,0.285714286,0.92331478
650eaa5d1b1432001b409943,650ead650b6ef7001bcbdca6,6517e4e43a3ee4001bbe23b1,0.285714286,0.921546125
650eaa5d1b1432001b409943,650ead650b6ef7001bcbdca6,6517e4e43a3ee4001bbe23b5,0.285714286,0.680510666
650eaa5d1b1432001b409943,650ead650b6ef7001bcbdca6,6517e4e43a3ee4001bbe23b9,0.242857143,0.6
