,foodcourt,restaurant,restaurantmenuitem,Accuracy_lr
0,5b964b50a6fb5422abb2fda7,5b964a709153de1766fcf94c,65774ecf4fb51d001be77c5b,1.0
7,5b964b50a6fb5422abb2fda7,5b964a709153de1766fcf94c,65774ecf4fb51d001be77c77,0.8571428571428572
14,5b964b50a6fb5422abb2fda7,5c406ac021301e2fa8093d09,646b51e03d50300018af7f17,1.0
21,5b964b50a6fb5422abb2fda7,5c406ac021301e2fa8093d09,646b51e03d50300018af7f1e,0.2857142857142857
28,5b964b50a6fb5422abb2fda7,5c406ac021301e2fa8093d09,646b51e03d50300018af7f21,0.7142857142857143
35,5e454d189475ce03ce996662,5e46386d820a5c0b7762703a,65ae14b78d7d8f001be02b16,1.0
42,5e454d189475ce03ce996662,5e46386d820a5c0b7762703a,65ae14b78d7d8f001be02b1d,0.8571428571428572
49,5e454d189475ce03ce996662,5e46386d820a5c0b7762703a,65ae14b78d7d8f001be02b21,0.8571428571428572
56,5e454d189475ce03ce996662,5e46386d820a5c0b7762703a,65ae14b78d7d8f001be02b2d,0.8571428571428572
63,5e454d189475ce03ce996662,5e46386d820a5c0b7762703a,65b8bd6d4a13070017386f04,1.0
70,5e454d189475ce03ce996662,5e46386d820a5c0b7762703a,65b8bd6d4a13070017386f0e,1.0
77,5e454d189475ce03ce996662,5e46386d820a5c0b7762703a,65b8bd6e4a13070017386f2d,1.0
84,5e454d189475ce03ce996662,5e46386d820a5c0b7762703a,65ba1cb24314c6001b42225a,0.7598627233661941
91,5e454d189475ce03ce996662,5e46386d820a5c0b7762703a,65ba1cb24314c6001b42225b,0.8325395839897463
98,5e454d189475ce03ce996662,5e46386d820a5c0b7762703a,65ba1cb24314c6001b422294,0.7684421001550371
105,5e454d189475ce03ce996662,5e46386d820a5c0b7762703a,65ba1cb24314c6001b422298,0.7142857142857143
112,5e454d189475ce03ce996662,5e463f6d84990c02f058a44c,65698f61e1523400118e6c4c,0.6285714285714286
119,5e454d189475ce03ce996662,5e463f6d84990c02f058a44c,65698f61e1523400118e6c5c,0.45170068027210886
126,5e454d189475ce03ce996662,5e463f6d84990c02f058a44c,65698f61e1523400118e6c79,0.7786641929499072
133,5e454d189475ce03ce996662,5e463f6d84990c02f058a44c,65698f61e1523400118e6c88,0.5238095238095238
140,5e454d189475ce03ce996662,634ceb56ac2f504b6499bb57,658d255a09d576001b36b62e,0.5115646258503401
147,5e454d189475ce03ce996662,634ceb56ac2f504b6499bb57,658d255a09d576001b36b630,0.5952380952380953
154,5e454d189475ce03ce996662,634ceb56ac2f504b6499bb57,658d255a09d576001b36b63a,0.5238095238095237
161,5e454d189475ce03ce996662,634ceb56ac2f504b6499bb57,658d255a09d576001b36b647,0.2857142857142857
168,5e454d189475ce03ce996662,634ceb56ac2f504b6499bb57,658d255a09d576001b36b648,0.3214285714285714
175,5e454d189475ce03ce996662,634ceb56ac2f504b6499bb57,658d255a09d576001b36b652,0.6619047619047619
182,5e454d189475ce03ce996662,634ceb56ac2f504b6499bb57,658d255a09d576001b36b653,0.4285714285714286
189,5f3652cde091b809e2467d96,6004167c1595960a72f31707,643fbd6ff639e90017a2379c,0.37157287157287155
196,5f3652cde091b809e2467d96,6004167c1595960a72f31707,643fbd6ff639e90017a237a0,0.7004946602296833
203,5f3652cde091b809e2467d96,6004167c1595960a72f31707,643fbd70f639e90017a237ab,0.8571428571428572
210,5f3652cde091b809e2467d96,6004167c1595960a72f31707,647d8c7fb733e9001b5027fc,0.40476190476190477
217,5f3652cde091b809e2467d96,6004167c1595960a72f31707,647d8c7fb733e9001b502809,0.4693877551020408
224,5f3652cde091b809e2467d96,60599bd4b6dfef46f7241fef,646deaeddab717001b948d4f,0.5946115288220551
231,5f3652cde091b809e2467d96,60599bd4b6dfef46f7241fef,646deaeddab717001b948d53,0.7390562640985597
238,5f3652cde091b809e2467d96,60599bd4b6dfef46f7241fef,646deaeedab717001b948d7a,0.5292101540348385
245,5f3652cde091b809e2467d96,60599bd4b6dfef46f7241fef,646deaeedab717001b948dc1,0.5714285714285714
252,5f3652cde091b809e2467d96,6296dc1c8eeb0973341fc168,646de6dbdab717001b948cfc,1.0
259,5f3652cde091b809e2467d96,6296dc1c8eeb0973341fc168,647b5a87b733e9001b501ce3,0.42750197005516155
266,5f3652cde091b809e2467d96,629b32fde44c8e62a76400f7,64259a97c2b9d60017dbf0ca,0.47723704866562
273,5f3652cde091b809e2467d96,629b32fde44c8e62a76400f7,64259a97c2b9d60017dbf0dc,0.5297619047619047
280,5f3652cde091b809e2467d96,629b32fde44c8e62a76400f7,64259a97c2b9d60017dbf0f6,0.47708006279434856
287,5f3652cde091b809e2467d96,64eca95e15331c001857629b,65717d8b187602001bd26641,0.7142857142857143
294,5f3652cde091b809e2467d96,659e78e5b1bc68001a7d2e9b,659e7ccc287ad900177e80d5,1.0
301,5ff7314b1c2beb0c55c7e503,5ff732a31595960a72f28f6b,650558affd66ea001b6dfb2b,0.8489795918367347
308,5ff7314b1c2beb0c55c7e503,5ff732a31595960a72f28f6b,650558b0fd66ea001b6dfb31,0.5686813186813187
315,5ff7314b1c2beb0c55c7e503,5ff732a31595960a72f28f6b,650558b0fd66ea001b6dfb3b,0.4
322,5ff7314b1c2beb0c55c7e503,5ff732a31595960a72f28f6b,650558b0fd66ea001b6dfb4f,0.9398496240601504
329,5ff7314b1c2beb0c55c7e503,5ff732a31595960a72f28f6b,650558b0fd66ea001b6dfb59,0.7136109828546804
336,5ff7314b1c2beb0c55c7e503,5ff732a31595960a72f28f6b,6566efbc746fa3001c0034b4,0.3730158730158729
343,605037bf0fc3830497b79f23,605039a60fc3830497b79f2e,6438c982c387c7001bc5dfdc,0.6301020408163266
350,605037bf0fc3830497b79f23,605039a60fc3830497b79f2e,6438c982c387c7001bc5dfe1,0.3129251700680272
357,60503811f7ec2b05cc8cd439,60503a9ff7ec2b05cc8cd446,63fd7dccecea05001bcf80b6,0.4285714285714286
364,60503811f7ec2b05cc8cd439,60503a9ff7ec2b05cc8cd446,63fd7dcdecea05001bcf80bf,0.8571428571428572
371,60503811f7ec2b05cc8cd439,60503a9ff7ec2b05cc8cd446,63fd7dcdecea05001bcf80c1,0.6666666666666667
378,60503811f7ec2b05cc8cd439,63c101e857c42200179bbeb0,6438eabb850c2c00177a1d31,0.4793650793650793
385,60503811f7ec2b05cc8cd439,64885729901600001bd61299,63fd7dccecea05001bcf806a,0.6162464985994398
392,60503811f7ec2b05cc8cd439,64885729901600001bd61299,64885f42f07e1a001757cc63,0.5951105867331192
399,60503811f7ec2b05cc8cd439,64885729901600001bd61299,64885f5d901600001bd612ba,0.527165393590076
406,60503811f7ec2b05cc8cd439,64885729901600001bd61299,64885fb2901600001bd612c1,0.8571428571428572
413,60503811f7ec2b05cc8cd439,64885729901600001bd61299,651bc72deab5a8001b85e03a,0.4965986394557823
420,60503811f7ec2b05cc8cd439,64d320aeccff09001c48b8d4,64d3224c30769e001b1c4adb,0.8571428571428572
427,60503811f7ec2b05cc8cd439,64d320aeccff09001c48b8d4,64d3229d30769e001b1c4ae3,0.8571428571428572
434,6051d1f64ec6952ca5b45dba,6053268e4ec6952ca5b46330,619dbe52af9b4e30f3da5553,0.7035197917550859
441,6051d1f64ec6952ca5b45dba,6053268e4ec6952ca5b46330,647d61cfb733e9001b5020d1,0.6717687074829932
448,6051d1f64ec6952ca5b45dba,6053268e4ec6952ca5b46330,647d61cfb733e9001b5020d6,0.5064935064935066
455,6051d1f64ec6952ca5b45dba,626f96886ea9037357d4496d,6538e228dbc93a001b28e814,0.6190476190476191
462,6051d1f64ec6952ca5b45dba,6376054fc09df47d4015b813,642a5467be27fc00173ac422,0.5584415584415585
469,6051d1f64ec6952ca5b45dba,6376054fc09df47d4015b813,642a5467be27fc00173ac427,0.5476190476190477
476,6051d1f64ec6952ca5b45dba,6376054fc09df47d4015b813,642a5467be27fc00173ac428,0.8936334059315426
483,6051d1f64ec6952ca5b45dba,6376054fc09df47d4015b813,642a5467be27fc00173ac434,0.8046398046398047
490,6051d1f64ec6952ca5b45dba,6376054fc09df47d4015b813,647d69c33231c30017b6f2a9,0.6358521185363176
497,6051d1f64ec6952ca5b45dba,6376054fc09df47d4015b813,647d69c33231c30017b6f2af,0.4126984126984128
504,6051d1f64ec6952ca5b45dba,659e78e5b1bc68001a7d2e9b,659e7ccc287ad900177e80d5,1.0
511,6053428bab9cfa30be36b00e,6061b4605518941d454cbc11,63fef2de384fed00177a5e4d,0.33410811132963825
518,6053428bab9cfa30be36b00e,6061b4605518941d454cbc11,63fef2de384fed00177a5e54,0.8571428571428572
525,6053428bab9cfa30be36b00e,6061b4605518941d454cbc11,63fef2df384fed00177a5e79,0.2857142857142857
532,6053428bab9cfa30be36b00e,6061b4605518941d454cbc11,63fef2df384fed00177a5e8f,0.5714285714285714
539,6053428bab9cfa30be36b00e,6061b4605518941d454cbc11,63fef2df384fed00177a5e93,0.3142857142857143
546,6053428bab9cfa30be36b00e,6061b4605518941d454cbc11,63fef2df384fed00177a5eb9,0.2857142857142857
553,6053428bab9cfa30be36b00e,6061b4605518941d454cbc11,63fef6e5f69c61001701b014,0.2857142857142857
560,6053428bab9cfa30be36b00e,6061b4605518941d454cbc11,655323630f48b1001bbec31d,0.6071428571428572
567,6053428bab9cfa30be36b00e,6061b4605518941d454cbc11,6553250e53ba7b00177ea68c,0.8335526570893885
574,6053428bab9cfa30be36b00e,62555f02b89e13678756ca62,643838c6c387c7001bc5da2e,0.5952380952380953
581,6053428bab9cfa30be36b00e,64d320aeccff09001c48b8d4,64d3224c30769e001b1c4adb,0.8571428571428572
588,6053428bab9cfa30be36b00e,64d320aeccff09001c48b8d4,64d3229d30769e001b1c4ae3,0.8571428571428572
595,60587d3eb6dfef46f7241a34,64c202e60303800011c89dff,64c228f14842f500121f7074,0.40601503759398494
602,60587d3eb6dfef46f7241a34,64c202e60303800011c89dff,64d08471866e7c001ba6683e,0.7305916305916307
609,60587d3eb6dfef46f7241a34,64c202e60303800011c89dff,64d08678443198001b0d9b11,0.6990068754774637
616,60587d3eb6dfef46f7241a34,652e60520c07dc00113fa720,659bfca5649b99001be13496,1.0
623,60587d3eb6dfef46f7241a34,652e60520c07dc00113fa720,659bfe888933d00017f8272e,1.0
630,60587d3eb6dfef46f7241a34,659e78e5b1bc68001a7d2e9b,65c1ac41a81c2b001b4af08f,1.0
637,6059d3ddb6dfef46f7242113,59a7a9ec368512751a29375e,64bcb2f457ee4b001bf6b449,0.4693877551020408
644,6059d3ddb6dfef46f7242113,59a7a9ec368512751a29375e,64bcb2f457ee4b001bf6b46b,0.7400917632010069
651,6059d3ddb6dfef46f7242113,59a7a9ec368512751a29375e,64bcb2f457ee4b001bf6b470,0.6551162400444048
658,6059d3ddb6dfef46f7242113,59a7a9ec368512751a29375e,64bcb2f557ee4b001bf6b475,0.3285714285714285
665,6059d3ddb6dfef46f7242113,59a7a9ec368512751a29375e,64bcb2f557ee4b001bf6b476,0.7360722066604419
672,6059dc59b6dfef46f7242122,60619862521d242d91839eb7,64bcb33f78eb5500179c9777,0.6067257523318133
679,6059dc59b6dfef46f7242122,60619862521d242d91839eb7,64bcb33f78eb5500179c9786,0.6157158444392488
686,6059dc59b6dfef46f7242122,60619862521d242d91839eb7,64bcb33f78eb5500179c978f,0.6464264049999204
693,6059dc59b6dfef46f7242122,60619862521d242d91839eb7,64bcb33f78eb5500179c9794,0.6027210884353742
700,6059dc59b6dfef46f7242122,60619862521d242d91839eb7,64bcb33f78eb5500179c9799,0.5119047619047619
707,6059dc59b6dfef46f7242122,60619862521d242d91839eb7,64bcb33f78eb5500179c979a,0.4542216886754702
714,6059dc59b6dfef46f7242122,60619862521d242d91839eb7,64bcb33f78eb5500179c979d,1.0
721,6059dc59b6dfef46f7242122,60619862521d242d91839eb7,64bcb33f78eb5500179c97a0,0.8355342136854742
728,6059dc59b6dfef46f7242122,60619862521d242d91839eb7,64d616c933c4d400173647ac,0.2943722943722944
735,6059dca8b6dfef46f7242125,606197ff5518941d454cbbe1,64bcb35678eb5500179c9817,0.44907273254129243
742,6059dca8b6dfef46f7242125,606197ff5518941d454cbbe1,64bcb35678eb5500179c981d,0.6606954821240536
749,6059dca8b6dfef46f7242125,606197ff5518941d454cbbe1,64bcb35678eb5500179c9833,0.3412698412698413
756,6059dca8b6dfef46f7242125,606197ff5518941d454cbbe1,64bcb35678eb5500179c9840,0.650508029298676
763,6059dca8b6dfef46f7242125,606197ff5518941d454cbbe1,64bcb35678eb5500179c9845,1.0
770,6059dca8b6dfef46f7242125,606197ff5518941d454cbbe1,64bcb35778eb5500179c988c,0.435374149659864
777,6059dca8b6dfef46f7242125,606197ff5518941d454cbbe1,64bcb35778eb5500179c988d,0.2857142857142857
784,6059dd1976d435554d8d7e43,624a93676801282472b2eebd,64bcb36f67e5c4001783a998,0.3116883116883117
791,6059dd1976d435554d8d7e43,624a93676801282472b2eebd,64bcb36f67e5c4001783a9a3,0.5714285714285714
798,6059dd1976d435554d8d7e43,624a93676801282472b2eebd,64bcb36f67e5c4001783a9a6,0.6231540389435126
805,6059dd1976d435554d8d7e43,624a93676801282472b2eebd,64bcb36f67e5c4001783a9b3,0.5850340136054422
812,6059dd1976d435554d8d7e43,624a93676801282472b2eebd,64bcb36f67e5c4001783a9cd,0.3116883116883117
819,60f172e2d1b6e328e744cf65,622f1643edb3c44fb67cca33,64f2fd8f9d34a3001730c007,0.43365767359575413
826,60f172e2d1b6e328e744cf65,622f1643edb3c44fb67cca33,64f2fd8f9d34a3001730c00a,1.0
833,60f172e2d1b6e328e744cf65,622f1643edb3c44fb67cca33,64f2fd8f9d34a3001730c013,0.7595798659708435
840,60f172e2d1b6e328e744cf65,622f1643edb3c44fb67cca33,64f2fd8f9d34a3001730c01e,0.6017316017316017
847,60f172e2d1b6e328e744cf65,64c87bc1ec6f6f001b6d7ba7,64f301124c59cf001197464f,0.8456926464279405
854,60f172e2d1b6e328e744cf65,64c87bc1ec6f6f001b6d7ba7,64f301124c59cf0011974650,0.6190476190476191
861,60f172e2d1b6e328e744cf65,64c87bc1ec6f6f001b6d7ba7,64f301124c59cf0011974651,0.607983193277311
868,60f172e2d1b6e328e744cf65,64c87bc1ec6f6f001b6d7ba7,6502e58c4965a6001be6ce0c,0.2857142857142857
875,60f172e2d1b6e328e744cf65,64c87bc1ec6f6f001b6d7ba7,6502e58c4965a6001be6ce0e,0.5930735930735931
882,60f172e2d1b6e328e744cf65,64c87bc1ec6f6f001b6d7ba7,6502e58c4965a6001be6ce11,0.8377717352872632
889,61529bb6364f2332c0fe8b1c,6242ed358e490f761b61c245,64f2fe344c59cf00119743f9,0.7836734693877551
896,61529bb6364f2332c0fe8b1c,6242ed358e490f761b61c245,64f2fe344c59cf0011974405,0.8201112328989567
903,61529bb6364f2332c0fe8b1c,6242ed358e490f761b61c245,64f2fe344c59cf0011974412,0.630812324929972
910,61529bb6364f2332c0fe8b1c,64c8816f5225bf001bbfb753,64f301b166de2f0017e4beea,0.49251700680272115
917,61529bb6364f2332c0fe8b1c,64c8816f5225bf001bbfb753,64f301b166de2f0017e4beeb,0.823076923076923
924,61529bb6364f2332c0fe8b1c,64c8816f5225bf001bbfb753,64f301b166de2f0017e4beec,0.5699497190180419
931,61529bb6364f2332c0fe8b1c,64c8816f5225bf001bbfb753,6502e895d149db001b1f529b,0.674657683586255
938,61529bb6364f2332c0fe8b1c,64c8816f5225bf001bbfb753,6502e895d149db001b1f529d,0.4705439488048183
945,61529bb6364f2332c0fe8b1c,64c8816f5225bf001bbfb753,6502e895d149db001b1f529e,0.2857142857142857
952,618607cac665f41f98e72227,61866983cbd33c2fa05aa2bb,64158091c6ab30001bd338c8,0.6857142857142857
959,618607cac665f41f98e72227,61866983cbd33c2fa05aa2bb,64158091c6ab30001bd338e4,0.6322201607915894
966,618607cac665f41f98e72227,61866983cbd33c2fa05aa2bb,64158091c6ab30001bd338f8,0.6309523809523809
973,618607cac665f41f98e72227,61866983cbd33c2fa05aa2bb,64158091c6ab30001bd3390b,0.46984126984126984
980,618607cac665f41f98e72227,638458e1915f54780b60c644,657c6c48aa5e7f001b51cc77,0.4285714285714286
987,61860849afbe0942bbd4ce18,61867189cbd33c2fa05aa2ee,657d28e7fe9d76001b79de4d,0.6273726273726274
994,61860849afbe0942bbd4ce18,6384556fcaacf67dd999ee02,647d7b319a688000173320be,0.5714285714285714
1001,61860849afbe0942bbd4ce18,6384556fcaacf67dd999ee02,647d7b319a688000173320db,0.2857142857142857
1008,61860f8c2d415a4a5c52e822,6242eae58e490f761b61c1f1,64f2fef676868b00110d2e4a,0.6259920634920635
1015,61860f8c2d415a4a5c52e822,6242eae58e490f761b61c1f1,64f2fef676868b00110d2e53,0.3974882260596546
1022,61860f8c2d415a4a5c52e822,6242eae58e490f761b61c1f1,64f2fef676868b00110d2e5d,0.5182234432234432
1029,61860f8c2d415a4a5c52e822,64c87aba9b654a001b612eef,64f3016776868b00110d2eee,0.5505050505050506
1036,61860f8c2d415a4a5c52e822,64c87aba9b654a001b612eef,64f3016776868b00110d2ef1,0.4285714285714286
1043,61860f8c2d415a4a5c52e822,64c87aba9b654a001b612eef,64f3016776868b00110d2ef7,0.7619047619047619
1050,61860f8c2d415a4a5c52e822,64c87aba9b654a001b612eef,6502e99b6ce312001b5e188c,0.7381301238444096
1057,61860f8c2d415a4a5c52e822,64c87aba9b654a001b612eef,6502e99b6ce312001b5e1893,0.2857142857142857
1064,61860f8c2d415a4a5c52e822,64c87aba9b654a001b612eef,6502e9b58faeb9001bbc3e82,0.7663265306122449
1071,61862d3cc680d0688d9d3139,61a6181a15bc1b50911379b8,64f304cf9d34a3001730c13e,0.6516025641025641
1078,61862d3cc680d0688d9d3139,61a6181a15bc1b50911379b8,64f304d09d34a3001730c147,1.0
1085,61862d3cc680d0688d9d3139,61a6181a15bc1b50911379b8,64f304d09d34a3001730c14e,0.5894481297648695
1092,61862d3cc680d0688d9d3139,61a6181a15bc1b50911379b8,64f304d09d34a3001730c155,0.2857142857142857
1099,61862d3cc680d0688d9d3139,6281eb08e5062e7fdd61a628,64f2f1ca76868b00110d2acb,0.3928571428571429
1106,61862d3cc680d0688d9d3139,6281eb08e5062e7fdd61a628,64f2f1ca76868b00110d2acc,0.4725868725868726
1113,61862d3cc680d0688d9d3139,6281eb08e5062e7fdd61a628,64f2f1ca76868b00110d2af3,0.8198000412286126
1120,61862d3cc680d0688d9d3139,6281eb08e5062e7fdd61a628,64f2f1ca76868b00110d2bc7,0.2857142857142857
1127,61862d3cc680d0688d9d3139,647edb7b42050e001bbab8ab,6577e4b2a788f1001baf4036,1.0
1134,618d0666c770501898e3d95f,618d0ec4f67b4d1950cb8c44,64f42ad766de2f0017e4bf25,0.7011982009819069
1141,618d0666c770501898e3d95f,618d0ec4f67b4d1950cb8c44,64f42ad766de2f0017e4bf28,0.8571428571428572
1148,618d0666c770501898e3d95f,618d0ec4f67b4d1950cb8c44,64f42ad766de2f0017e4bf35,0.53791627762216
1155,618d0666c770501898e3d95f,618d0ec4f67b4d1950cb8c44,64f42ad766de2f0017e4bf3d,0.4285714285714286
1162,618d0666c770501898e3d95f,618d0ec4f67b4d1950cb8c44,64f42ad866de2f0017e4bf67,0.8570737438661967
1169,618d0666c770501898e3d95f,618d0ec4f67b4d1950cb8c44,64f42ad866de2f0017e4bf69,0.6965475001189287
1176,618d0666c770501898e3d95f,618d0ec4f67b4d1950cb8c44,64f42ad866de2f0017e4bf6b,0.7142857142857143
1183,618d0666c770501898e3d95f,618d0ec4f67b4d1950cb8c44,64f57fc070405f001b1892c4,0.7822712418300654
1190,618d0666c770501898e3d95f,618d0ec4f67b4d1950cb8c44,64f57fc070405f001b1892c5,0.8680652680652681
1197,618d0666c770501898e3d95f,618d0ec4f67b4d1950cb8c44,64f57fc070405f001b1892c6,0.6596165739022881
1204,618d0666c770501898e3d95f,618d0ec4f67b4d1950cb8c44,64f57fc070405f001b1892c8,0.6184807256235827
1211,618d0666c770501898e3d95f,618d0ec4f67b4d1950cb8c44,64f57fc070405f001b1892c9,0.699459491033704
1218,618d0666c770501898e3d95f,618d0ec4f67b4d1950cb8c44,65b8ddfb4a13070017386fdf,0.7242424242424242
1225,618d0666c770501898e3d95f,618d0ec4f67b4d1950cb8c44,65bc8fea4314c6001b422694,0.5438063758429892
1232,618d0666c770501898e3d95f,628b5b1079667f4990ea1c6b,64f42b6066de2f0017e4c19d,0.7886818495514147
1239,618d0666c770501898e3d95f,628b5b1079667f4990ea1c6b,64f42b6066de2f0017e4c1a5,0.6342324342324343
1246,618d0666c770501898e3d95f,628b5b1079667f4990ea1c6b,64f42b6066de2f0017e4c1ab,0.8571428571428572
1253,618d0666c770501898e3d95f,628b5b1079667f4990ea1c6b,64f42b6166de2f0017e4c1c6,0.5701728967449049
1260,618d0666c770501898e3d95f,628b5b1079667f4990ea1c6b,64f42b6166de2f0017e4c1c9,0.36904761904761896
1267,618d0666c770501898e3d95f,628b5b1079667f4990ea1c6b,64f57e2f898268001bed3f3b,0.5018552875695733
1274,618d0666c770501898e3d95f,628b5b1079667f4990ea1c6b,64f57e2f898268001bed3f3c,0.5656462585034013
1281,618d0666c770501898e3d95f,628b5b1079667f4990ea1c6b,64f57e2f898268001bed3f3d,0.6888888888888889
1288,618d0666c770501898e3d95f,628b5b1079667f4990ea1c6b,64f57e2f898268001bed3f3f,0.4452380952380952
1295,618d0666c770501898e3d95f,628b5b1079667f4990ea1c6b,64f57e2f898268001bed3f40,0.8127551020408164
1302,618d0666c770501898e3d95f,628b5b1079667f4990ea1c6b,64f588f166de2f0017e4c887,0.681938365240073
1309,618d0666c770501898e3d95f,64cb515c8130e300119eb128,64f4606a74a5cf0011c5d8e3,0.4190476190476191
1316,618d0666c770501898e3d95f,64cb515c8130e300119eb128,64f4606a74a5cf0011c5d8e4,0.31932773109243695
1323,618d0666c770501898e3d95f,64cb515c8130e300119eb128,64f4606b74a5cf0011c5d8ed,0.6726190476190476
1330,618d0666c770501898e3d95f,64cb515c8130e300119eb128,64f4606b74a5cf0011c5d8ee,0.7619047619047619
1337,618d0666c770501898e3d95f,64cb515c8130e300119eb128,64f4606b74a5cf0011c5d8fa,0.5178571428571428
1344,618d0666c770501898e3d95f,64cb515c8130e300119eb128,64f4606b74a5cf0011c5d8fb,0.6081632653061224
1351,618d0666c770501898e3d95f,64cb515c8130e300119eb128,64f4606b74a5cf0011c5d901,0.5559983993597439
1358,618d0666c770501898e3d95f,64cb515c8130e300119eb128,64f4606b74a5cf0011c5d906,0.5476190476190477
1365,618d0666c770501898e3d95f,64cb515c8130e300119eb128,64f4606b74a5cf0011c5d90c,0.7222715173025732
1372,618d0666c770501898e3d95f,64cb515c8130e300119eb128,64f4606b74a5cf0011c5d913,0.6714285714285715
1379,61af314a8f71d5017eb35d1a,62db9d69dae9166c6ebde120,6455038151dc99001b015627,0.35064935064935077
1386,61af314a8f71d5017eb35d1a,62db9d69dae9166c6ebde120,6455038151dc99001b015634,0.4435150481766853
1393,61af314a8f71d5017eb35d1a,62db9d69dae9166c6ebde120,6455038151dc99001b015659,0.8571428571428572
1400,61af314a8f71d5017eb35d1a,62db9d69dae9166c6ebde120,6455038151dc99001b01569a,0.2857142857142857
1407,61b9a3365490112b7adfd6ba,622b0cc482b60c3a0583d100,656d6c8f45b382001b14817a,0.8571428571428572
1414,61b9a3365490112b7adfd6ba,622b0cc482b60c3a0583d100,656d6c8f45b382001b14817b,0.5018988280670524
1421,61b9a3365490112b7adfd6ba,622b0cc482b60c3a0583d100,656d6c9045b382001b1481b1,0.47167685255920555
1428,61b9a3365490112b7adfd6ba,622b0cc482b60c3a0583d100,65b8a638364d88001b2b5128,0.2857142857142857
1435,61b9a3365490112b7adfd6ba,622b0cc482b60c3a0583d100,65b8a6654a13070017386ed8,0.5079365079365079
1442,61b9a3365490112b7adfd6ba,638440378eda195315d84cb7,657010310885b8001b2f03de,0.3818860877684408
1449,61b9a3365490112b7adfd6ba,638440378eda195315d84cb7,657010310885b8001b2f03df,0.6748168498168499
1456,61b9a3365490112b7adfd6ba,638440378eda195315d84cb7,657010310885b8001b2f03e0,0.5552631578947369
1463,61b9a3365490112b7adfd6ba,638440378eda195315d84cb7,657010310885b8001b2f03e1,0.4285714285714286
1470,61b9a3365490112b7adfd6ba,638440378eda195315d84cb7,657010310885b8001b2f03e2,0.41414141414141414
1477,61b9a3365490112b7adfd6ba,638440378eda195315d84cb7,657010310885b8001b2f03e8,0.2857142857142857
1484,61b9a3365490112b7adfd6ba,638440378eda195315d84cb7,657010310885b8001b2f0415,0.39682539682539686
1491,61e39f4b2acc405ba5c12202,61e3a3cc77eb426ff13294b8,64f2f39fb0bed60017df2504,0.5714285714285714
1498,61e39f4b2acc405ba5c12202,61e3a3cc77eb426ff13294b8,64f2f39fb0bed60017df251a,0.8611493797696058
1505,61e39f4b2acc405ba5c12202,61e3a3cc77eb426ff13294b8,64f2f39fb0bed60017df2522,0.8896103896103896
1512,61e39f4b2acc405ba5c12202,61e3a3cc77eb426ff13294b8,64f2f39fb0bed60017df252a,0.8798595035424127
1519,61e39f4b2acc405ba5c12202,61e3a3cc77eb426ff13294b8,64f2f3a0b0bed60017df2531,1.0
1526,61e39f4b2acc405ba5c12202,61e3a3cc77eb426ff13294b8,64f2f3a0b0bed60017df2533,0.44765760555234235
1533,61e39f4b2acc405ba5c12202,61e3a3cc77eb426ff13294b8,64f2f3a0b0bed60017df2539,0.5714285714285714
1540,61e39f4b2acc405ba5c12202,61e3a3cc77eb426ff13294b8,64f2f3a0b0bed60017df2572,1.0
1547,61e39f4b2acc405ba5c12202,61e3a3cc77eb426ff13294b8,64f2f3a0b0bed60017df257b,0.8571428571428572
1554,61e39f4b2acc405ba5c12202,6281f1916d5a3f5e1dbdacc6,64f303bab0bed60017df2942,0.2857142857142857
1561,61e39f4b2acc405ba5c12202,647f1644918a55001b5b078e,649bf4cfc81c800017972b25,0.8571428571428572
1568,61e39f4b2acc405ba5c12202,64d320aeccff09001c48b8d4,64d3224c30769e001b1c4adb,0.8571428571428572
1575,61e39f4b2acc405ba5c12202,64d320aeccff09001c48b8d4,64d3229d30769e001b1c4ae3,0.5714285714285714
1582,620c8839d1702023497f3e64,6288c6562b660f3fe1b522bd,64c750daf62672001b21da33,0.44742456117283547
1589,620c8839d1702023497f3e64,6288c6562b660f3fe1b522bd,64c750daf62672001b21da34,1.0
1596,620c8839d1702023497f3e64,6288c6562b660f3fe1b522bd,64c750daf62672001b21da3a,0.2979591836734693
1603,620c8839d1702023497f3e64,6288c6562b660f3fe1b522bd,64c750daf62672001b21da3c,0.6250353812853813
1610,620c8839d1702023497f3e64,6288c6562b660f3fe1b522bd,64c750daf62672001b21da4e,0.6820861678004535
1617,620c8839d1702023497f3e64,6288c6562b660f3fe1b522bd,64c750daf62672001b21da5f,0.8571428571428572
1624,620c8839d1702023497f3e64,6288c6562b660f3fe1b522bd,64c750dbf62672001b21da84,0.34693877551020413
1631,620c8839d1702023497f3e64,6288c6562b660f3fe1b522bd,64c750dbf62672001b21da85,0.2857142857142857
1638,620c8839d1702023497f3e64,6288c6562b660f3fe1b522bd,64c750dbf62672001b21dab1,0.44505494505494503
1645,620c8839d1702023497f3e64,6288c6562b660f3fe1b522bd,64c750dbf62672001b21daf2,0.2857142857142857
1652,620c8839d1702023497f3e64,6288c6562b660f3fe1b522bd,64c750dbf62672001b21db01,0.6190476190476191
1659,620c8839d1702023497f3e64,62f3a2a3774ee25860417561,64f1cb2f72d7ad0011e20074,0.326530612244898
1666,620dcb88ed29b942e676bb01,61de93fe9be11222aa790810,65644d7aa1cdf9001b15d6bb,0.3809523809523808
1673,620dcb88ed29b942e676bb01,61de93fe9be11222aa790810,65644d7aa1cdf9001b15d6bd,0.44285714285714284
1680,620dcb88ed29b942e676bb01,61de93fe9be11222aa790810,65644d7aa1cdf9001b15d6e3,0.6160714285714286
1687,620dcb88ed29b942e676bb01,61de93fe9be11222aa790810,65644d7ba1cdf9001b15d702,0.2857142857142857
1694,620dcb88ed29b942e676bb01,64e5eed9e23e9d001b543a0a,6564546413fbf0001b9c843e,0.08571428571428563
1701,620dcb88ed29b942e676bb01,64e5eed9e23e9d001b543a0a,6564546413fbf0001b9c8440,0.5571428571428572
1708,620dcb88ed29b942e676bb01,64e5eed9e23e9d001b543a0a,6564546413fbf0001b9c8442,0.4448979591836735
1715,62122c7a86769559bcb3861c,62135a351be0863ab89a67c5,6451f4a5903ab40017049d9d,0.8333333333333334
1722,62122c7a86769559bcb3861c,62135a351be0863ab89a67c5,6451f4a5903ab40017049da7,0.5357142857142857
1729,62122c7a86769559bcb3861c,621cb1f35e7a600ba611587c,644e7c047b196c00173b7bbc,0.5714285714285714
1736,62122c7a86769559bcb3861c,621cb1f35e7a600ba611587c,644e7c047b196c00173b7bbe,0.8325774754346182
1743,62122c7a86769559bcb3861c,621cb1f35e7a600ba611587c,644e7c047b196c00173b7bc2,0.41526033490319214
1750,62122c7a86769559bcb3861c,621cb1f35e7a600ba611587c,644e7c047b196c00173b7bc6,0.5789770869862403
1757,62122c7a86769559bcb3861c,621cb1f35e7a600ba611587c,644e7c057b196c00173b7bcc,0.4285714285714286
1764,62122c7a86769559bcb3861c,621cb1f35e7a600ba611587c,644e7c057b196c00173b7bce,0.5863945578231293
1771,62122c7a86769559bcb3861c,63c64c1d4ebc2200177071bf,63c64ee632e68a001bf81d1f,1.0
1778,62122f42e9692355fc21cd37,621cb324b268b427f9e01cd7,6450d7895d92cb001b577f91,0.6326530612244898
1785,62122f42e9692355fc21cd37,621cb324b268b427f9e01cd7,6450d7895d92cb001b577f92,0.5852272727272727
1792,62122f42e9692355fc21cd37,621cb324b268b427f9e01cd7,6450d7895d92cb001b577fa3,0.6272108843537416
1799,621243047b7da3595490b804,6218a79d7fc9d120059d1fee,64ec3d9515331c0018576130,0.37801400051853773
1806,621243047b7da3595490b804,6218a79d7fc9d120059d1fee,64ec3d9515331c0018576133,0.2914285714285715
1813,621243047b7da3595490b804,6218a79d7fc9d120059d1fee,64ec3d9515331c0018576149,0.7142857142857143
1820,621243047b7da3595490b804,6218a79d7fc9d120059d1fee,64ec3d9515331c0018576150,0.5714285714285714
1827,621243047b7da3595490b804,6218a79d7fc9d120059d1fee,64ec3d9515331c0018576160,0.5714285714285714
1834,621243047b7da3595490b804,6218a79d7fc9d120059d1fee,64ec3d9515331c0018576167,0.2857142857142857
1841,621243047b7da3595490b804,6218a79d7fc9d120059d1fee,64ec3d9515331c001857616a,0.32539682539682535
1848,621243047b7da3595490b804,6218a79d7fc9d120059d1fee,653650ca49e84f001b97d04f,0.4201680672268908
1855,621243047b7da3595490b804,6218a79d7fc9d120059d1fee,6551ddb95306ac00179f6300,0.5247305885603758
1862,621243047b7da3595490b804,6218a79d7fc9d120059d1fee,6551ddb95306ac00179f6301,0.7142857142857143
1869,621243047b7da3595490b804,6218a79d7fc9d120059d1fee,6551ddb95306ac00179f6302,0.2857142857142857
1876,621243047b7da3595490b804,6218a79d7fc9d120059d1fee,6551ddb95306ac00179f6304,0.448278367903843
1883,621243047b7da3595490b804,6218a79d7fc9d120059d1fee,6551ddb95306ac00179f6306,1.0
1890,621243047b7da3595490b804,6218a79d7fc9d120059d1fee,6551ddb95306ac00179f6307,0.4285714285714286
1897,621243047b7da3595490b804,6218a79d7fc9d120059d1fee,6551ddb95306ac00179f630b,0.3571428571428571
1904,621243047b7da3595490b804,6218a79d7fc9d120059d1fee,6551ddb95306ac00179f6315,0.8571428571428572
1911,621243047b7da3595490b804,6218a79d7fc9d120059d1fee,655da001700de30017e14c29,1.0
1918,621243047b7da3595490b804,621cc6fdc599d2546bf3cad6,644e5ab95d92cb001b5777d9,0.5032751690547124
1925,621243047b7da3595490b804,621cc6fdc599d2546bf3cad6,644e5ab95d92cb001b5777dd,0.34285714285714286
1932,621243047b7da3595490b804,621cc6fdc599d2546bf3cad6,644e5ab95d92cb001b5777e7,0.6478998833678637
1939,621243047b7da3595490b804,63c64c1d4ebc2200177071bf,65bb489bac99d00017770c12,1.0
1946,621243047b7da3595490b804,647edb7b42050e001bbab8ab,6577e41ed41b77001b59548e,1.0
1953,621243047b7da3595490b804,647edb7b42050e001bbab8ab,6577e4b2a788f1001baf4036,1.0
1960,623bf69ebdd3ec48219813cf,623ef716194e3e322db839f6,64157a57780ed20017ce666c,0.5722135575281779
1967,623bf69ebdd3ec48219813cf,623ef716194e3e322db839f6,64157a57780ed20017ce6675,0.5178571428571428
1974,623bf69ebdd3ec48219813cf,623ef716194e3e322db839f6,64157a58780ed20017ce667b,0.4285714285714286
1981,623bf69ebdd3ec48219813cf,623ef716194e3e322db839f6,64157a58780ed20017ce667d,0.5714285714285714
1988,623bf69ebdd3ec48219813cf,623ef716194e3e322db839f6,64157a58780ed20017ce6681,0.2857142857142857
1995,623bf69ebdd3ec48219813cf,623ef716194e3e322db839f6,64157a58780ed20017ce6692,0.7456828885400314
2002,6243fa5e51ed612e6ac62c7d,624ae0846801282472b2f9a3,643d2ac07d16f40017a20b05,0.2857142857142857
2009,6243fa5e51ed612e6ac62c7d,624ae0846801282472b2f9a3,643d2ac17d16f40017a20b34,0.3388704318936877
2016,6243fa5e51ed612e6ac62c7d,624ae0846801282472b2f9a3,643d2ac17d16f40017a20b46,0.4285714285714286
2023,6243fa5e51ed612e6ac62c7d,624ae0846801282472b2f9a3,643d2ac27d16f40017a20b93,1.0
2030,6243fa5e51ed612e6ac62c7d,624ae0846801282472b2f9a3,643d2ac27d16f40017a20c20,0.9285714285714286
2037,6243fa5e51ed612e6ac62c7d,624ae0846801282472b2f9a3,643d2ac27d16f40017a20c21,0.5714285714285714
2044,6243fa5e51ed612e6ac62c7d,624ae0846801282472b2f9a3,643d2ac27d16f40017a20c2f,0.5393548374661612
2051,6243fa5e51ed612e6ac62c7d,624ae0846801282472b2f9a3,643d2ac27d16f40017a20c36,1.0
2058,6243fa5e51ed612e6ac62c7d,624ae0846801282472b2f9a3,643d2ac27d16f40017a20c4e,0.5742857142857143
2065,6243fa5e51ed612e6ac62c7d,624ae0846801282472b2f9a3,64d32f68fa462b001bb56931,1.0
2072,6243fa5e51ed612e6ac62c7d,624ae0846801282472b2f9a3,65b0ad29e341a6001c313a92,0.8571428571428572
2079,6243fa5e51ed612e6ac62c7d,624ae0846801282472b2f9a3,65b0ad4be341a6001c313a97,1.0
2086,6244862d067f3538a2b7c517,65683b172a1ed1001bcdbadc,65719187df6df0001bf78f41,0.5785714285714285
2093,6246e03e6338a51f8165a7d6,6246e2c60ea3dc67f9d9bd0e,64f5bbc35994d9001bfd2b4d,0.791156462585034
2100,6246e03e6338a51f8165a7d6,6246e2c60ea3dc67f9d9bd0e,64f5bbc35994d9001bfd2b51,0.5912878787878788
2107,6246e03e6338a51f8165a7d6,6246e2c60ea3dc67f9d9bd0e,64f5bbc35994d9001bfd2b57,0.4285714285714286
2114,6246e03e6338a51f8165a7d6,6246e2c60ea3dc67f9d9bd0e,64f5bbc35994d9001bfd2b58,0.4285714285714286
2121,6246e03e6338a51f8165a7d6,6246e2c60ea3dc67f9d9bd0e,652d44d3e6bb3d001b821f83,0.5595238095238095
2128,62720dcd1410b643ccc5eaf0,630c2f4b1d03704a4b9d5774,642bac0bbbeeaf00171a217d,0.5804511278195489
2135,62720dcd1410b643ccc5eaf0,630c2f4b1d03704a4b9d5774,642bac0bbbeeaf00171a2188,0.2857142857142857
2142,62720dcd1410b643ccc5eaf0,630c2f4b1d03704a4b9d5774,642bac0bbbeeaf00171a2189,1.0
2149,62720dcd1410b643ccc5eaf0,630c2f4b1d03704a4b9d5774,64803030877a33001890ed1b,0.3292748917748918
2156,62720dcd1410b643ccc5eaf0,63c64c1d4ebc2200177071bf,657148795af550001b4fc6d0,1.0
2163,62720dcd1410b643ccc5eaf0,63db74c3753e39001baea166,642cf6f5c7e4e7001be71673,0.3979591836734694
2170,62720dcd1410b643ccc5eaf0,63db74c3753e39001baea166,642cf6f5c7e4e7001be71677,0.7221764346764347
2177,62720dcd1410b643ccc5eaf0,63db74c3753e39001baea166,642cf6f5c7e4e7001be71685,0.46860198624904503
2184,62720dcd1410b643ccc5eaf0,63db74c3753e39001baea166,642cf6f5c7e4e7001be71687,0.32380952380952377
2191,62720dcd1410b643ccc5eaf0,63db74c3753e39001baea166,642cf6f6c7e4e7001be716ad,0.5048701298701299
2198,62720dcd1410b643ccc5eaf0,63db74c3753e39001baea166,642cf6f6c7e4e7001be716b6,1.0
2205,62720dcd1410b643ccc5eaf0,63db74c3753e39001baea166,642cf6f6c7e4e7001be716bf,0.43599257884972176
2212,62720dcd1410b643ccc5eaf0,64a4439f929d03001b232c79,64c0fe1bad22410017686d80,0.6333333333333333
2219,62720dcd1410b643ccc5eaf0,64a4439f929d03001b232c79,64c0fe1cad22410017686dd4,0.5085034013605443
2226,62720dcd1410b643ccc5eaf0,64a4439f929d03001b232c79,64c0fe1cad22410017686dd5,0.733843537414966
2233,62720dcd1410b643ccc5eaf0,64eca95e15331c001857629b,65717d8b187602001bd26641,1.0
2240,62720dcd1410b643ccc5eaf0,659e78e5b1bc68001a7d2e9b,659e7ccc287ad900177e80d5,1.0
2247,6272117f6ea9037357d4559e,657d66a7d9dbf9001bbe2129,657d98d1d9dbf9001bbe215f,0.852084423512995
2254,6272117f6ea9037357d4559e,657d66a7d9dbf9001bbe2129,657d98d2d9dbf9001bbe2166,0.2857142857142857
2261,6272117f6ea9037357d4559e,657d66a7d9dbf9001bbe2129,657d98d2d9dbf9001bbe216b,0.3214285714285714
2268,6272117f6ea9037357d4559e,657d7144aa5e7f001b51ce2c,657d9e73fe9d76001b79e289,0.8380076272933417
2275,627655b12847414390c38539,627657c07c5ace40b0feb1f1,6487069e6cbc55001b8b25d8,1.0
2282,627655b12847414390c38539,627e298afb8ac9627e84dea4,64a7c7f2c1ee61001be26804,0.564378478664193
2289,627655b12847414390c38539,627e298afb8ac9627e84dea4,64a7c8ddc1ee61001be26807,0.48469387755102045
2296,628f0b429f179d6efab94aa1,63dfc8c9b647970011eebfa4,644f5eb2903ab400170493b2,0.42355212355212346
2303,628f0b429f179d6efab94aa1,63dfc8c9b647970011eebfa4,644f5eb2903ab400170493c1,0.5125381530911485
2310,628f0b429f179d6efab94aa1,63dfc8c9b647970011eebfa4,644f5eb3903ab400170493c5,0.5510204081632653
2317,628f0b429f179d6efab94aa1,647edb7b42050e001bbab8ab,6577e4b2a788f1001baf4036,1.0
2324,62ab274c37a09133c235e6b9,62ab2a166605027824071b2c,64f6c9bd8312fd001b55361d,0.2857142857142857
2331,62ab274c37a09133c235e6b9,62ab2a166605027824071b2c,64f6c9bd8312fd001b553620,0.7837301587301587
2338,62ab274c37a09133c235e6b9,62ab2a166605027824071b2c,64f6c9be8312fd001b553624,0.3095238095238094
2345,62ab274c37a09133c235e6b9,62ab2a166605027824071b2c,64f6c9be8312fd001b55362e,0.9285714285714286
2352,62ab274c37a09133c235e6b9,62ab2a166605027824071b2c,65116cab586472001ba64b67,0.4684848484848485
2359,62ab274c37a09133c235e6b9,62ab2dbbb18fea30cd6ef782,64f6d6ef094fec001bac049b,0.5714285714285714
2366,62ab274c37a09133c235e6b9,62ab2dbbb18fea30cd6ef782,64f6d6ef094fec001bac04ba,1.0
2373,62ab274c37a09133c235e6b9,62ab2dbbb18fea30cd6ef782,64f6d6ef094fec001bac04be,0.8571428571428572
2380,62ab274c37a09133c235e6b9,62ab2dbbb18fea30cd6ef782,64f6d6ef094fec001bac04cd,0.6745027124773961
2387,62ab274c37a09133c235e6b9,62ab2dbbb18fea30cd6ef782,64f6d6f0094fec001bac04f2,0.5627071341357055
2394,62ab274c37a09133c235e6b9,62ab2dbbb18fea30cd6ef782,64f6d6f0094fec001bac0520,0.37755102040816335
2401,62ab274c37a09133c235e6b9,62ab2dbbb18fea30cd6ef782,6501b94be763c600171589c8,1.0
2408,62ab274c37a09133c235e6b9,62ab2dbbb18fea30cd6ef782,6501b94be763c600171589c9,0.4257142857142858
2415,62ab274c37a09133c235e6b9,62ab2dbbb18fea30cd6ef782,6501b94be763c600171589cc,0.4285714285714286
2422,62ab274c37a09133c235e6b9,62ab2dbbb18fea30cd6ef782,6501b94be763c600171589cd,0.2857142857142857
2429,62ab274c37a09133c235e6b9,62bed49820c9436f96544a9c,65116bb562be9e001714dfa5,0.326530612244898
2436,62ab27fd5462b534a4d05ee9,62aec058d7b2730639cc244c,64f6cd3131517c001b27736a,0.34693877551020413
2443,62ab27fd5462b534a4d05ee9,62aec058d7b2730639cc244c,64f6cd3131517c001b277376,0.8571428571428572
2450,62ab27fd5462b534a4d05ee9,62aec058d7b2730639cc244c,64f6cd3131517c001b277382,0.2832512315270935
2457,62ab27fd5462b534a4d05ee9,62aec058d7b2730639cc244c,64f6cd3131517c001b27738f,0.5846442442737503
2464,62ab27fd5462b534a4d05ee9,62aec058d7b2730639cc244c,64f6cd3131517c001b27739b,0.5726190476190477
2471,62ab27fd5462b534a4d05ee9,62aec058d7b2730639cc244c,657153d9df6df0001bf78ebc,0.4317937701396348
2478,62ab27fd5462b534a4d05ee9,62aec058d7b2730639cc244c,657154185863b2001be4d6cd,0.6531385281385282
2485,62ab27fd5462b534a4d05ee9,62b5914e8fba6710f8dd259f,64f6ccb031517c001b2771bf,0.38095238095238104
2492,62ab27fd5462b534a4d05ee9,62b5914e8fba6710f8dd259f,64f6ccb031517c001b2771cc,0.7142857142857143
2499,62ab27fd5462b534a4d05ee9,62b5914e8fba6710f8dd259f,64f6ccb031517c001b2771cd,0.2857142857142857
2506,62ab27fd5462b534a4d05ee9,62b5914e8fba6710f8dd259f,64f6ccb031517c001b2771d3,0.5912144894255342
2513,62ab27fd5462b534a4d05ee9,62b5914e8fba6710f8dd259f,64f6ccb031517c001b277246,0.2857142857142857
2520,62ab27fd5462b534a4d05ee9,62b5914e8fba6710f8dd259f,64f6ccb031517c001b277248,0.4285714285714286
2527,62ab27fd5462b534a4d05ee9,62b5914e8fba6710f8dd259f,64f6ccb031517c001b27724d,0.4285714285714286
2534,62ab27fd5462b534a4d05ee9,62b5914e8fba6710f8dd259f,64f6ccb031517c001b277251,0.316017316017316
2541,62ab27fd5462b534a4d05ee9,62b5914e8fba6710f8dd259f,64f6ccb031517c001b277252,0.526530612244898
2548,62ab27fd5462b534a4d05ee9,637efd02fabee77ead89b68b,64f6d43e7b5ae2001b6d22c8,0.6769648932161725
2555,62ab27fd5462b534a4d05ee9,637efd02fabee77ead89b68b,64f6d43e7b5ae2001b6d22d8,0.6338899196042053
2562,62ab27fd5462b534a4d05ee9,637efd02fabee77ead89b68b,64f6d43e7b5ae2001b6d22d9,0.5714285714285714
2569,62ab27fd5462b534a4d05ee9,637efd02fabee77ead89b68b,64f6d43e7b5ae2001b6d22db,0.6190476190476191
2576,62ab27fd5462b534a4d05ee9,637efd02fabee77ead89b68b,64f6d43e7b5ae2001b6d22e7,0.28096410978184383
2583,62ab27fd5462b534a4d05ee9,637efd02fabee77ead89b68b,64f6d43e7b5ae2001b6d22e8,0.46805331670671246
2590,62ab27fd5462b534a4d05ee9,637efd02fabee77ead89b68b,64f6d43e7b5ae2001b6d22ea,0.5714285714285714
2597,62ab27fd5462b534a4d05ee9,637efd02fabee77ead89b68b,64f6d43e7b5ae2001b6d22eb,1.0
2604,62ab27fd5462b534a4d05ee9,637efd02fabee77ead89b68b,64f6d43e7b5ae2001b6d22f6,0.47619047619047616
2611,62ab27fd5462b534a4d05ee9,637efd02fabee77ead89b68b,64f6d43e7b5ae2001b6d22f7,0.6642857142857143
2618,62ab27fd5462b534a4d05ee9,637efd02fabee77ead89b68b,64f6d43e7b5ae2001b6d22fa,0.6484824699110413
2625,62ab27fd5462b534a4d05ee9,637efd02fabee77ead89b68b,64f6d43e7b5ae2001b6d2308,0.1785714285714286
2632,62ab27fd5462b534a4d05ee9,637efd02fabee77ead89b68b,64f6d4437b5ae2001b6d23c0,0.3537414965986395
2639,62ab27fd5462b534a4d05ee9,637efd02fabee77ead89b68b,64ff1f9eed8291001bfed939,0.633353254117689
2646,62ab27fd5462b534a4d05ee9,637efd02fabee77ead89b68b,65793dcb189f58001b4f211f,0.2857142857142857
2653,62ab27fd5462b534a4d05ee9,646b0cb7533c540016cee353,64f69c146bbeed001b00c8bd,0.2857142857142857
2660,62ab27fd5462b534a4d05ee9,646b0cb7533c540016cee353,64ff233a8ed398001b84dc15,0.6178597457667225
2667,62ab27fd5462b534a4d05ee9,6481d37d69e0ee001b932f4d,64ff22a297d3d9001799eccc,0.8571428571428572
2674,62ad73fdb3ece857aa492b60,62ad77d1da7471469bbb06f9,6491335a42773e0011b139a6,0.5831632653061225
2681,62ad73fdb3ece857aa492b60,62ad77d1da7471469bbb06f9,64913373d7ffb50011079889,0.5394578884185253
2688,62ad73fdb3ece857aa492b60,62ad784b838fe856dbfd52c0,62e8d0d290588f12dde35b41,0.9107142857142857
2695,62ad73fdb3ece857aa492b60,62ad79d6da7471469bbb06ff,62b2a86b637a43142e46c287,0.7509549274255156
2702,62ad73fdb3ece857aa492b60,62ad79d6da7471469bbb06ff,62b2ad86b2f6df16b50e4dbd,0.47619047619047616
2709,62bee89b9f0f3e1af0eb46d1,62c017914ef8f2679f8d7a8e,64be5ed9505f61001b721d5b,0.536766022198353
2716,62bee89b9f0f3e1af0eb46d1,62c017914ef8f2679f8d7a8e,64be5ed9505f61001b721d5f,0.4214285714285715
2723,62bee89b9f0f3e1af0eb46d1,62c017914ef8f2679f8d7a8e,64be5ed9505f61001b721d61,0.780391542581945
2730,62bee89b9f0f3e1af0eb46d1,62c017914ef8f2679f8d7a8e,64be5ed9505f61001b721d63,0.5833333333333334
2737,62bee89b9f0f3e1af0eb46d1,62c017914ef8f2679f8d7a8e,64be5ed9505f61001b721d68,0.3928571428571429
2744,62bee89b9f0f3e1af0eb46d1,62c0185c237424702d871c96,644cdd5ae29f13001b32f33f,0.5510204081632653
2751,62bee89b9f0f3e1af0eb46d1,62c0185c237424702d871c96,644cdd5ae29f13001b32f340,0.2857142857142857
2758,62bee89b9f0f3e1af0eb46d1,62c0185c237424702d871c96,644cdd5ae29f13001b32f345,0.5811224489795919
2765,62bee89b9f0f3e1af0eb46d1,62c0185c237424702d871c96,644cdd5ae29f13001b32f34f,0.4285714285714286
2772,62bee89b9f0f3e1af0eb46d1,62c0185c237424702d871c96,644cdd5ae29f13001b32f352,0.3095238095238094
2779,62bee89b9f0f3e1af0eb46d1,62c0185c237424702d871c96,644cdd5ae29f13001b32f354,0.7583333333333333
2786,62bee89b9f0f3e1af0eb46d1,62c0185c237424702d871c96,644cdd5ae29f13001b32f358,0.8119047619047619
2793,62bee89b9f0f3e1af0eb46d1,62c0185c237424702d871c96,644cdd5ae29f13001b32f35a,0.5201017003019227
2800,62bee89b9f0f3e1af0eb46d1,62c0185c237424702d871c96,644cdd5ae29f13001b32f35b,0.45578231292517013
2807,62bee89b9f0f3e1af0eb46d1,62c0185c237424702d871c96,644cdd5ae29f13001b32f35c,0.3877551020408163
2814,62bee89b9f0f3e1af0eb46d1,62c0185c237424702d871c96,644cdd5ae29f13001b32f35e,0.45238095238095233
2821,62bee89b9f0f3e1af0eb46d1,62c0185c237424702d871c96,644cdd5ae29f13001b32f35f,0.6428571428571428
2828,62bee89b9f0f3e1af0eb46d1,62c0185c237424702d871c96,644cdd5ae29f13001b32f364,0.8198412698412698
2835,62bee89b9f0f3e1af0eb46d1,62c0185c237424702d871c96,644cdd5ae29f13001b32f365,0.2857142857142857
2842,62bee89b9f0f3e1af0eb46d1,62c0185c237424702d871c96,644cdd5ae29f13001b32f369,0.2857142857142857
2849,62bee89b9f0f3e1af0eb46d1,62c0185c237424702d871c96,644cdd5ae29f13001b32f36a,0.3571428571428571
2856,62bee89b9f0f3e1af0eb46d1,62c0185c237424702d871c96,644cdd5ae29f13001b32f36b,0.3142857142857143
2863,62bee89b9f0f3e1af0eb46d1,62c0185c237424702d871c96,644cdd5ae29f13001b32f371,0.7142857142857143
2870,62bee89b9f0f3e1af0eb46d1,62c0185c237424702d871c96,64d093b9866e7c001ba6685c,0.2857142857142857
2877,62bee89b9f0f3e1af0eb46d1,64a4085a3cc38a001c2fcb80,65a932158b37190017bb5566,0.7660714285714285
2884,62bee89b9f0f3e1af0eb46d1,64a4085a3cc38a001c2fcb80,65a932168b37190017bb5570,0.9047619047619048
2891,62bee89b9f0f3e1af0eb46d1,64a4085a3cc38a001c2fcb80,65a932168b37190017bb5577,0.8178080742786625
2898,62bee89b9f0f3e1af0eb46d1,64a4085a3cc38a001c2fcb80,65a932168b37190017bb5579,0.6404761904761904
2905,62bee89b9f0f3e1af0eb46d1,64a4085a3cc38a001c2fcb80,65a932168b37190017bb557e,0.8119090101355548
2912,62bee89b9f0f3e1af0eb46d1,64a4085a3cc38a001c2fcb80,65a932168b37190017bb557f,0.8896103896103896
2919,62bee89b9f0f3e1af0eb46d1,64a4085a3cc38a001c2fcb80,65a932168b37190017bb5588,0.7638388688808857
2926,62bee89b9f0f3e1af0eb46d1,64a4085a3cc38a001c2fcb80,65a932168b37190017bb5589,0.5416666666666667
2933,62bee89b9f0f3e1af0eb46d1,64a4085a3cc38a001c2fcb80,65a932168b37190017bb5590,0.86806379302293
2940,62bee89b9f0f3e1af0eb46d1,64a4085a3cc38a001c2fcb80,65a932168b37190017bb5591,0.8485847485847486
2947,62bee89b9f0f3e1af0eb46d1,653a04ebc1ec7d001b5afee9,65b74ddecf187c001b58a2de,0.8238814756671899
2954,62bee89b9f0f3e1af0eb46d1,653a04ebc1ec7d001b5afee9,65b74ddecf187c001b58a2e6,0.6244588744588744
2961,62bee89b9f0f3e1af0eb46d1,65534b8c5306ac00179f64b9,655368e65306ac00179f64fc,0.2857142857142857
2968,62bee89b9f0f3e1af0eb46d1,65534b8c5306ac00179f64b9,655368e65306ac00179f650e,0.5170491273432449
2975,62bee89b9f0f3e1af0eb46d1,65534b8c5306ac00179f64b9,655368e65306ac00179f6517,0.7261904761904762
2982,62bee89b9f0f3e1af0eb46d1,65534b8c5306ac00179f64b9,655368e65306ac00179f6520,0.2857142857142857
2989,62bee89b9f0f3e1af0eb46d1,659e78e5b1bc68001a7d2e9b,659e7ccc287ad900177e80d5,1.0
2996,62bee89b9f0f3e1af0eb46d1,659e78e5b1bc68001a7d2e9b,65c1ac41a81c2b001b4af08f,1.0
3003,62c7d5cb2cd72441f4a03e28,65767c6fa788f1001baf3f4e,65768d7800b32d001740ea21,0.7216666666666667
3010,62c7d5cb2cd72441f4a03e28,65767c6fa788f1001baf3f4e,65768d7800b32d001740ea2c,0.6904761904761905
3017,62c7d5cb2cd72441f4a03e28,65767c6fa788f1001baf3f4e,65768d7800b32d001740ea32,0.43452380952380953
3024,62c7d5cb2cd72441f4a03e28,65767c6fa788f1001baf3f4e,65768d7800b32d001740ea39,0.6047619047619048
3031,62c7d5cb2cd72441f4a03e28,65767c6fa788f1001baf3f4e,65768d7800b32d001740ea3a,0.7259411338347919
3038,62c7d5cb2cd72441f4a03e28,65767c6fa788f1001baf3f4e,65768d7800b32d001740ea3e,0.3571428571428571
3045,62c7d6386e2f983780cd3c7f,65768000d41b77001b595343,65768ec99fa1ad001b9f4207,0.8394665702609475
3052,62c7d6386e2f983780cd3c7f,65768000d41b77001b595343,65768ec99fa1ad001b9f420b,0.7346938775510203
3059,62c7d6386e2f983780cd3c7f,65768000d41b77001b595343,65768ec99fa1ad001b9f420d,0.3842641223155929
3066,62c7d6386e2f983780cd3c7f,65768000d41b77001b595343,65768ec99fa1ad001b9f4211,0.49816849816849806
3073,62c7d6386e2f983780cd3c7f,65768000d41b77001b595343,65768ec99fa1ad001b9f4212,0.375
3080,62c7d6386e2f983780cd3c7f,65768000d41b77001b595343,65768ec99fa1ad001b9f421b,0.38979591836734695
3087,62c7d6386e2f983780cd3c7f,65768000d41b77001b595343,65768ec99fa1ad001b9f4221,0.4285714285714286
3094,630ca555edc24358e0916c09,630ca761803cf10532ab76fa,64bcf54f273f7d001b2d2f2f,0.33333333333333337
3101,630ca555edc24358e0916c09,630ca761803cf10532ab76fa,64d1c1a0a02446001b40201e,0.48164528969482523
3108,63245d4de5aff648ca6109f0,65ab6c5b9b47db0017411ea2,65ab89458d7d8f001be0274f,0.7399092970521541
3115,63245d4de5aff648ca6109f0,65ab6c5b9b47db0017411ea2,65ab89468d7d8f001be02754,0.5260721505583366
3122,63245d4de5aff648ca6109f0,65ab6c5b9b47db0017411ea2,65ab89468d7d8f001be02762,0.7510587724093186
3129,63245d4de5aff648ca6109f0,65ab6c5b9b47db0017411ea2,65ab89468d7d8f001be02763,0.7224446188731903
3136,63245d4de5aff648ca6109f0,65ab6c5b9b47db0017411ea2,65ab89468d7d8f001be02796,0.6047471620227038
3143,63245e835129027dc5432fb2,633d458c83f3a4269d73fb0b,6437c2c268bce9001bb15e26,0.6928571428571428
3150,63245e835129027dc5432fb2,633d458c83f3a4269d73fb0b,6437c2c268bce9001bb15e27,0.4965986394557823
3157,63245e835129027dc5432fb2,633d458c83f3a4269d73fb0b,6437c2c268bce9001bb15e2a,0.723917926466982
3164,632c1fde5734894c6b85b626,63fec438025a6c001b98eb1c,63fee3ef025a6c001b98ebfc,0.43673469387755104
3171,632c1fde5734894c6b85b626,63fec438025a6c001b98eb1c,63fee3ef025a6c001b98ebfd,0.5795918367346938
3178,632c1fde5734894c6b85b626,63fec438025a6c001b98eb1c,63fee3ef025a6c001b98ec03,0.6040816326530613
3185,632c1fde5734894c6b85b626,63fec438025a6c001b98eb1c,63fee3ef025a6c001b98ec05,0.5011904761904762
3192,632c1fde5734894c6b85b626,63fec438025a6c001b98eb1c,63fee3ef025a6c001b98ec06,0.6377936599741111
3199,632c1fde5734894c6b85b626,63fec438025a6c001b98eb1c,63fee3ef025a6c001b98ec0c,0.4714285714285714
3206,632c1fde5734894c6b85b626,63fec438025a6c001b98eb1c,63fee3ef025a6c001b98ec0d,0.6547619047619048
3213,632c1fde5734894c6b85b626,63fec438025a6c001b98eb1c,63fee3ef025a6c001b98ec0e,0.5768206948331172
3220,632c1fde5734894c6b85b626,63fec438025a6c001b98eb1c,63fee3ef025a6c001b98ec0f,0.592517006802721
3227,632c1fde5734894c6b85b626,63fec438025a6c001b98eb1c,63fee3ef025a6c001b98ec15,0.3392857142857143
3234,632c1fde5734894c6b85b626,63fec438025a6c001b98eb1c,63fee3ef025a6c001b98ec17,0.5952380952380953
3241,632c1fde5734894c6b85b626,63fec438025a6c001b98eb1c,63fee3ef025a6c001b98ec1f,0.3928571428571429
3248,632c1fde5734894c6b85b626,655f085f57836300176b0221,65605617856d50001b8cb72c,0.3441558441558442
3255,632c1fde5734894c6b85b626,655f085f57836300176b0221,65605617856d50001b8cb72d,0.6936507936507936
3262,632c1fde5734894c6b85b626,655f085f57836300176b0221,65605617856d50001b8cb72e,0.5571428571428572
3269,632c1fde5734894c6b85b626,655f085f57836300176b0221,65605617856d50001b8cb73f,0.32738095238095233
3276,632c1fde5734894c6b85b626,655f085f57836300176b0221,65605617856d50001b8cb757,0.6815115037930698
3283,632c1fde5734894c6b85b626,655f085f57836300176b0221,65605617856d50001b8cb75d,0.2857142857142857
3290,632c1fde5734894c6b85b626,655f085f57836300176b0221,65605617856d50001b8cb769,0.40476190476190477
3297,632c1fde5734894c6b85b626,655f085f57836300176b0221,65605617856d50001b8cb76a,0.4040816326530612
3304,632c1fde5734894c6b85b626,655f085f57836300176b0221,65605617856d50001b8cb778,0.6008207630878438
3311,632c1fde5734894c6b85b626,655f085f57836300176b0221,65605618856d50001b8cb7a4,0.36170212765957444
3318,632c1fde5734894c6b85b626,655f085f57836300176b0221,65605618856d50001b8cb7a6,0.48852040816326536
3325,632c1fde5734894c6b85b626,655f085f57836300176b0221,65605618856d50001b8cb7aa,0.2857142857142857
3332,633555b446eef47b9e6431f9,63356113a2dcc1590df461e4,64392e9bd227dc00177a3c7c,0.3392857142857143
3339,633555b446eef47b9e6431f9,63356113a2dcc1590df461e4,64392e9bd227dc00177a3c81,0.8314058956916099
3346,633555b446eef47b9e6431f9,63356113a2dcc1590df461e4,64392e9bd227dc00177a3c85,0.3857142857142858
3353,633555b446eef47b9e6431f9,63356113a2dcc1590df461e4,64392e9bd227dc00177a3c8b,0.5332440668575122
3360,633555b446eef47b9e6431f9,63356113a2dcc1590df461e4,64392e9bd227dc00177a3c90,0.8285714285714285
3367,633555b446eef47b9e6431f9,63356113a2dcc1590df461e4,64392e9cd227dc00177a3cec,0.8554945054945056
3374,633555b446eef47b9e6431f9,63356113a2dcc1590df461e4,64392e9cd227dc00177a3cf0,0.6333333333333333
3381,633555b446eef47b9e6431f9,633565a059c5de546bc2fabc,643ceffe792f51001b7960ef,0.2857142857142857
3388,633555b446eef47b9e6431f9,633565a059c5de546bc2fabc,643ceffe792f51001b79610b,0.7859307359307359
3395,633555b446eef47b9e6431f9,633565a059c5de546bc2fabc,643ceffe792f51001b79610c,0.7174603174603175
3402,633555b446eef47b9e6431f9,633565a059c5de546bc2fabc,643ceffe792f51001b79611d,0.6408730158730158
3409,633555b446eef47b9e6431f9,633565a059c5de546bc2fabc,643ceffe792f51001b796123,0.4712121212121212
3416,633555b446eef47b9e6431f9,633565a059c5de546bc2fabc,643ceffe792f51001b79612b,0.38095238095238104
3423,633555b446eef47b9e6431f9,633568f9cb0fcc6156ffd178,63467f938bf9ff40345df763,0.7142857142857143
3430,633555b446eef47b9e6431f9,633568f9cb0fcc6156ffd178,63467f938bf9ff40345df769,0.2857142857142857
3437,633555b446eef47b9e6431f9,633568f9cb0fcc6156ffd178,65c06d3149e1bf001b878a46,0.48571428571428565
3444,633555b446eef47b9e6431f9,633568f9cb0fcc6156ffd178,65c06d3149e1bf001b878a69,0.6122448979591837
3451,633555b446eef47b9e6431f9,633568f9cb0fcc6156ffd178,65c06d3149e1bf001b878a71,0.6095238095238096
3458,633555b446eef47b9e6431f9,63356c049047a95e18bd4cd8,64ec9efd15331c0018576292,0.38095238095238104
3465,633555b446eef47b9e6431f9,63356c049047a95e18bd4cd8,64ec9f3d0d415c001be19e06,0.4047619047619049
3472,633555b446eef47b9e6431f9,633576948a53495441d82827,649a6bd2d84e7000118eeb97,0.5204081632653061
3479,633555b446eef47b9e6431f9,633576948a53495441d82827,649a6bd2d84e7000118eeba9,0.45670995670995673
3486,633555b446eef47b9e6431f9,633577a4722ee12ae36594a6,64ef44e2a5c7e4001b2ae5dc,0.3928571428571429
3493,633555b446eef47b9e6431f9,63357973a2dcc1590df463a8,6448b8e1163e410017218063,0.7744492834354586
3500,633555b446eef47b9e6431f9,63357973a2dcc1590df463a8,6448b8e1163e410017218068,0.8665424430641822
3507,633555b446eef47b9e6431f9,63357973a2dcc1590df463a8,6448b8e1163e41001721807c,0.5
3514,633555b446eef47b9e6431f9,63357973a2dcc1590df463a8,6448b8e1163e410017218087,0.4222222222222223
3521,633555b446eef47b9e6431f9,63357973a2dcc1590df463a8,651139335f38c4001bfdd24d,0.787029203958269
3528,633555b446eef47b9e6431f9,6482ee8d4f5bd6001ba34699,648feddde67d820017b6598c,0.3537414965986395
3535,633555b446eef47b9e6431f9,6482ee8d4f5bd6001ba34699,648feddde67d820017b659a1,0.6602040816326531
3542,633555b446eef47b9e6431f9,6482ee8d4f5bd6001ba34699,64c1085ad3323600179dc2e9,0.48809523809523814
3549,633555b446eef47b9e6431f9,64a2b66a474a88001b1a6eb3,64a2c3d8a8b610001b82f3c9,0.7132756132756133
3556,633555b446eef47b9e6431f9,64a2b66a474a88001b1a6eb3,64a2c3d8a8b610001b82f3cf,0.8071690214547358
3563,633555b446eef47b9e6431f9,6565913c856d50001b8cbaf0,6565c636b1d83d001b7ee9a2,0.6828398025877018
3570,633555b446eef47b9e6431f9,6565913c856d50001b8cbaf0,6565c637b1d83d001b7ee9a7,0.47777777777777775
3577,633555b446eef47b9e6431f9,6565913c856d50001b8cbaf0,6565c637b1d83d001b7ee9ab,0.7196493982208267
3584,633555b446eef47b9e6431f9,6565913c856d50001b8cbaf0,6565c637b1d83d001b7ee9ac,0.5225108225108225
3591,633555b446eef47b9e6431f9,6565913c856d50001b8cbaf0,6565c637b1d83d001b7ee9af,0.684232997636766
3598,633555b446eef47b9e6431f9,6565913c856d50001b8cbaf0,6565c637b1d83d001b7ee9b0,0.4302721088435374
3605,633555b446eef47b9e6431f9,6565913c856d50001b8cbaf0,6565c637b1d83d001b7ee9b4,0.3928571428571429
3612,633aa74a4005b877d2117bf4,6336df8573816f6153ba0322,64d1ef928130e300119eb78b,0.6295686456400742
3619,633aa74a4005b877d2117bf4,6336df8573816f6153ba0322,64d1ef928130e300119eb792,0.5047619047619047
3626,633aa74a4005b877d2117bf4,6336df8573816f6153ba0322,64d1ef928130e300119eb795,0.2857142857142857
3633,633aa74a4005b877d2117bf4,6336df8573816f6153ba0322,64d1ef928130e300119eb797,0.4285714285714286
3640,633aa74a4005b877d2117bf4,6336df8573816f6153ba0322,64d1ef928130e300119eb79a,0.4285714285714286
3647,633aa74a4005b877d2117bf4,6336df8573816f6153ba0322,64d1ef928130e300119eb7af,0.4285714285714286
3654,633aa74a4005b877d2117bf4,6336df8573816f6153ba0322,64d1ef928130e300119eb7b0,0.34285714285714286
3661,633aa74a4005b877d2117bf4,6336df8573816f6153ba0322,64d1f0298130e300119eb816,0.7857142857142857
3668,633ac3e6f502b233052bd11f,633acddfc6ea6e4c7bdcd792,63981aea4081bb1ef0aa5964,0.8960415062965734
3675,633ac3e6f502b233052bd11f,633acddfc6ea6e4c7bdcd792,6544b2092bcdd7001b8c275b,0.2857142857142857
3682,633ac3e6f502b233052bd11f,633acddfc6ea6e4c7bdcd792,6544b250e07e600011937719,0.3690476190476192
3689,633ac3e6f502b233052bd11f,633ad1e3393e6c7a3e3d82ad,646e15e20ecce00017753b5e,0.2857142857142857
3696,633ac3e6f502b233052bd11f,633ad1e3393e6c7a3e3d82ad,646e15e20ecce00017753b9c,0.46459492888064324
3703,63469408bcf1a078aa63687c,6346b2651b3f3d42ec4f7eb5,6437988168bce9001bb1576e,0.5714285714285714
3710,63469408bcf1a078aa63687c,6346b2651b3f3d42ec4f7eb5,6437988368bce9001bb15835,0.41836734693877553
3717,63469408bcf1a078aa63687c,6346b2651b3f3d42ec4f7eb5,6527f3aa8ce182001a0db180,0.736734693877551
3724,6365fad672c55c14f8ea59df,63660216af753a3462107eb6,64fc0ce354bd25001711ce65,0.34013605442176875
3731,6365fad672c55c14f8ea59df,63660216af753a3462107eb6,6523a105b8b774001b6fa847,0.2942857142857144
3738,6368b12ed2915c10f4b68571,6368c5a4375cd9258e64caef,64520b5d903ab40017049ec1,0.2901785714285714
3745,6368b12ed2915c10f4b68571,6368c5a4375cd9258e64caef,64520b5d903ab40017049ec4,0.643185386042529
3752,6368b12ed2915c10f4b68571,6368c5a4375cd9258e64caef,64520b5d903ab40017049ed2,0.4058441558441558
3759,6368b12ed2915c10f4b68571,6368c5a4375cd9258e64caef,64520b5d903ab40017049edf,0.5361150128067421
3766,6368b12ed2915c10f4b68571,6368c5a4375cd9258e64caef,64520b5d903ab40017049ef9,0.6400742115027829
3773,6368b12ed2915c10f4b68571,6368c5a4375cd9258e64caef,64520b5e903ab40017049f13,0.5102040816326531
3780,6368b12ed2915c10f4b68571,6368c5a4375cd9258e64caef,6524f5591b53d8001acdef21,0.3076923076923076
3787,6368b12ed2915c10f4b68571,6368c5a4375cd9258e64caef,6524f5e450b7a500176d6f0c,0.3571428571428571
3794,6368b12ed2915c10f4b68571,6368c5a4375cd9258e64caef,652535cbd31d34001bb3fc68,0.5714285714285714
3801,6368b12ed2915c10f4b68571,6368c5a4375cd9258e64caef,6525360e463414001a65fbe5,0.582056832056832
3808,6368b12ed2915c10f4b68571,6368c5a4375cd9258e64caef,6525384dd31d34001bb3fc71,0.3452380952380951
3815,6368b12ed2915c10f4b68571,6368c9818bdd5d7186dec66c,6450c9a8903ab400170498e7,0.6095238095238096
3822,6368b12ed2915c10f4b68571,6368c9818bdd5d7186dec66c,6450c9a9903ab400170498e9,0.7789808230984702
3829,6368b12ed2915c10f4b68571,6368c9818bdd5d7186dec66c,6450c9a9903ab400170498f1,0.5714285714285714
3836,6368b12ed2915c10f4b68571,6368c9818bdd5d7186dec66c,6450c9a9903ab400170498f3,0.6285714285714286
3843,6368b12ed2915c10f4b68571,6368c9818bdd5d7186dec66c,6450c9a9903ab400170498fd,0.5337662337662337
3850,6368b12ed2915c10f4b68571,6368c9818bdd5d7186dec66c,6450c9a9903ab40017049903,0.7166666666666667
3857,6368b12ed2915c10f4b68571,6368c9818bdd5d7186dec66c,6450c9a9903ab40017049915,0.6506493506493507
3864,6368b12ed2915c10f4b68571,6368c9818bdd5d7186dec66c,6450c9a9903ab40017049917,0.6857142857142857
3871,6368b12ed2915c10f4b68571,6368c9818bdd5d7186dec66c,659d1b8a649b99001be1360f,0.8571428571428572
3878,6368b12ed2915c10f4b68571,6368c9818bdd5d7186dec66c,659d1d7648413f001bfbaa38,0.36263736263736257
3885,636b5432f58c726d86373232,636b5a3638130e6fd88a2ba3,65327365bd2aad001b088c24,0.35497835497835495
3892,636b5432f58c726d86373232,636b5a3638130e6fd88a2ba3,6532740d5e6a05001b16016a,0.5012841727127442
3899,636b5432f58c726d86373232,636b5a3638130e6fd88a2ba3,653275460cd96600170f713a,0.4285714285714286
3906,636b5432f58c726d86373232,636b5a3638130e6fd88a2ba3,653275dc0628db00178818da,0.7142857142857143
3913,636b5432f58c726d86373232,636b5a3638130e6fd88a2ba3,6532780ac250d1001b603478,1.0
3920,636b5432f58c726d86373232,636b5a3638130e6fd88a2ba3,65327a31406500001bbbdbfe,0.2908163265306122
3927,636b5432f58c726d86373232,636b5a3638130e6fd88a2ba3,65327c7b5e6a05001b160170,0.578368999421631
3934,636b5432f58c726d86373232,636b5a3638130e6fd88a2ba3,65327cb2c250d1001b60347d,0.4642857142857143
3941,63787a9e7c7d392939c21787,63789bf986bd357d59925933,639ea0958cd98b559f387e51,0.8571428571428572
3948,63787a9e7c7d392939c21787,63789bf986bd357d59925933,64c75b7cf62672001b21dc2d,0.7376950780312125
3955,63787a9e7c7d392939c21787,63789bf986bd357d59925933,65ae4775e341a6001c313931,1.0
3962,63787a9e7c7d392939c21787,6476ed124535460018ab5ff2,647b1152b733e9001b501957,1.0
3969,63787a9e7c7d392939c21787,6476ed124535460018ab5ff2,647b1153b733e9001b501958,0.8571428571428572
3976,63787a9e7c7d392939c21787,6476ed124535460018ab5ff2,647b1153b733e9001b501965,1.0
3983,63787a9e7c7d392939c21787,6476ed124535460018ab5ff2,647b1153b733e9001b5019a0,0.722200787245215
3990,63787a9e7c7d392939c21787,6476ed124535460018ab5ff2,647b1153b733e9001b5019b2,1.0
3997,63787a9e7c7d392939c21787,6476ed124535460018ab5ff2,647b1153b733e9001b5019c3,0.8571428571428572
4004,63787a9e7c7d392939c21787,6476ed124535460018ab5ff2,65af8ac99b47db001741212d,0.4365079365079365
4011,63787a9e7c7d392939c21787,6476ed124535460018ab5ff2,65b0f08414f6e2001ce303e2,0.8571428571428572
4018,63787a9e7c7d392939c21787,6476ed124535460018ab5ff2,65ba4e7d4314c6001b4223dc,1.0
4025,63787a9e7c7d392939c21787,6476fa8c4535460018ab604e,647b154c9a68800017331495,1.0
4032,63787a9e7c7d392939c21787,6476fa8c4535460018ab604e,647b154c9a68800017331496,0.8571428571428572
4039,63787a9e7c7d392939c21787,6476fa8c4535460018ab604e,647b154c9a6880001733149a,0.8571428571428572
4046,63787a9e7c7d392939c21787,6476fa8c4535460018ab604e,647b154c9a6880001733149c,0.8571428571428572
4053,63787a9e7c7d392939c21787,6476fa8c4535460018ab604e,647b154c9a688000173314a6,0.6066111308046791
4060,63787a9e7c7d392939c21787,6476fa8c4535460018ab604e,647b154c9a688000173314ca,1.0
4067,63787a9e7c7d392939c21787,6476fa8c4535460018ab604e,647b154c9a688000173314ce,0.7142857142857143
4074,63787a9e7c7d392939c21787,6476fa8c4535460018ab604e,65af8c418d7d8f001be02d86,0.38122171945701366
4081,63787a9e7c7d392939c21787,6476fa8c4535460018ab604e,65c3440aa81c2b001b4b0918,1.0
4088,63787a9e7c7d392939c21787,6476fa8c4535460018ab604e,65c51304a81c2b001b4b26bf,1.0
4095,63787a9e7c7d392939c21787,64774028fadc0e0017183814,647b118cb733e9001b501bcb,0.7621977130670725
4102,63787a9e7c7d392939c21787,64775304fadc0e001718384c,647b19619a688000173315f9,0.6677363934001102
4109,63787a9e7c7d392939c21787,64775304fadc0e001718384c,647b19619a68800017331605,0.7482241515390686
4116,63787a9e7c7d392939c21787,64775304fadc0e001718384c,65ae45dd627fc0001b490243,0.8571428571428572
4123,63870a3434186507f935037a,6385bb7e8100701a4e03aa4b,646b1ec4e5f53c001b037d4f,0.5961538461538461
4130,63870a3434186507f935037a,6385bb7e8100701a4e03aa4b,646b1ec4e5f53c001b037d50,0.7570381998953428
4137,63870a3434186507f935037a,6385bb7e8100701a4e03aa4b,646b1ec5e5f53c001b037d71,0.5525902668759812
4144,63870a3434186507f935037a,6385bb7e8100701a4e03aa4b,646b1ec5e5f53c001b037d87,0.5714285714285714
4151,63870a3434186507f935037a,6385bb7e8100701a4e03aa4b,646b1ec5e5f53c001b037dbd,0.42653061224489797
4158,63870a3434186507f935037a,6385c731832fb5102152617a,63872977326b803cf2a00b7c,0.2857142857142857
4165,63870a3434186507f935037a,6385c731832fb5102152617a,63872fdfa326cf0e244f9adc,0.8560984671113392
4172,63870a3434186507f935037a,6385c731832fb5102152617a,638730ef118485362985fb4a,0.7982142857142858
4179,63870a3434186507f935037a,6385c731832fb5102152617a,638732187d7bab2e6efd8b6c,0.7899999322293494
4186,63944549a2229f272c025695,63a295e9ad58e713c0513b18,6596c1feb978b6001cdc630c,0.55
4193,63944549a2229f272c025695,6437862268bce9001bb15657,64a8181875d800001b1ac1b3,0.42380952380952386
4200,639843d38cd98b559f384047,659e2868ac85f5001be4c94c,659e3bd49ce12e0017a2f3f3,0.6190476190476191
4207,63ae6a145b5e91598c449128,63ae6fa4e9e1ef02441aedaa,63ce351e010e6200178ed99a,0.5714285714285714
4214,63ae6a145b5e91598c449128,63ae6fa4e9e1ef02441aedaa,647d9692b733e9001b5028c6,0.5714285714285714
4221,63ae6a145b5e91598c449128,65ba29b78a573b001bbf7fe8,65bb1070ac99d00017770bc4,0.49130763416477696
4228,63ae6a145b5e91598c449128,65ba29b78a573b001bbf7fe8,65bb11041eae49001bfd753f,0.4821428571428571
4235,63ae6a145b5e91598c449128,65ba29b78a573b001bbf7fe8,65bb114f2467aa001b26926f,0.451530612244898
4242,63ae6a145b5e91598c449128,65ba29b78a573b001bbf7fe8,65bb11974314c6001b422418,0.5103419746276889
4249,63ae6a145b5e91598c449128,65ba29b78a573b001bbf7fe8,65bb11fdf0aef70017a24f84,0.8571428571428572
4256,63ae6a145b5e91598c449128,65ba29b78a573b001bbf7fe8,65bb128b9ac3df001b5380d7,0.8571428571428572
4263,63ae6a145b5e91598c449128,65ba29b78a573b001bbf7fe8,65bb12eb4314c6001b42241b,0.46753246753246747
4270,63ae6a145b5e91598c449128,65ba29b78a573b001bbf7fe8,65bb135e2467aa001b269272,0.4285714285714286
4277,63ae6a145b5e91598c449128,65ba29b78a573b001bbf7fe8,65bb13b273628f001b0fc78f,0.4701298701298702
4284,63ae6a145b5e91598c449128,65ba29b78a573b001bbf7fe8,65bb14124314c6001b42241e,0.5252525252525253
4291,63b3e0a104ec4a469372c375,63c26054840eff001b497b06,659e3fe204979b001bbb5e3e,0.8571428571428572
4298,63b3e0a104ec4a469372c375,63c26054840eff001b497b06,659e3fe204979b001bbb5e41,1.0
4305,63b3e0a104ec4a469372c375,63c26054840eff001b497b06,659e3fe204979b001bbb5e42,0.4984126984126984
4312,63b3e0a104ec4a469372c375,63c26054840eff001b497b06,659e3fe204979b001bbb5e48,1.0
4319,63b3e0a104ec4a469372c375,63c26054840eff001b497b06,659e3fe204979b001bbb5e4d,0.8571428571428572
4326,63b3e0a104ec4a469372c375,63c26054840eff001b497b06,659e3fe204979b001bbb5e51,0.8571428571428572
4333,63b3e0a104ec4a469372c375,63c26054840eff001b497b06,659e3fe204979b001bbb5e55,0.8571428571428572
4340,63b3e0a104ec4a469372c375,63c26054840eff001b497b06,659e3fe204979b001bbb5e58,1.0
4347,63b3e0a104ec4a469372c375,63c26054840eff001b497b06,659e3fe204979b001bbb5e5e,0.8571428571428572
4354,63b3e0a104ec4a469372c375,63c26054840eff001b497b06,659e3fe204979b001bbb5e5f,1.0
4361,63b3e0a104ec4a469372c375,63c26054840eff001b497b06,659e3fe204979b001bbb5e60,1.0
4368,63b3e0a104ec4a469372c375,6548f9222bcdd7001b8c2a2c,659e40989ce12e0017a2f42f,0.9567099567099567
4375,63b3e0a104ec4a469372c375,6548f9222bcdd7001b8c2a2c,659e40989ce12e0017a2f436,0.36363636363636354
4382,63b3e0a104ec4a469372c375,6548f9222bcdd7001b8c2a2c,659e40989ce12e0017a2f439,0.7142857142857143
4389,63b3e0a104ec4a469372c375,6548f9222bcdd7001b8c2a2c,659e40989ce12e0017a2f43a,0.987012987012987
4396,63c1178d2381e7001bf38f10,63c3cd051a491b0017062b2b,649fbf3a061c49001bb67a00,0.5513392857142857
4403,63c1178d2381e7001bf38f10,63c3cd051a491b0017062b2b,649fbf3a061c49001bb67a05,0.5665859564164649
4410,63c1178d2381e7001bf38f10,63c3cd051a491b0017062b2b,649fbf3a061c49001bb67a06,1.0
4417,63c1178d2381e7001bf38f10,63c3cd051a491b0017062b2b,649fbf3a061c49001bb67a07,0.8571428571428572
4424,63c1178d2381e7001bf38f10,63c3cd051a491b0017062b2b,649fbf3a061c49001bb67a08,0.5714285714285714
4431,63c1178d2381e7001bf38f10,63c3cd051a491b0017062b2b,649fbf3a061c49001bb67a0a,0.5436507936507936
4438,63c1178d2381e7001bf38f10,63c3cd051a491b0017062b2b,649fbf3a061c49001bb67a0f,0.5714285714285714
4445,63c1178d2381e7001bf38f10,63c3cd051a491b0017062b2b,649fbf3a061c49001bb67a12,0.9653061224489796
4452,63c1178d2381e7001bf38f10,63c3cd051a491b0017062b2b,649fbf3a061c49001bb67a17,0.6462585034013606
4459,63c1178d2381e7001bf38f10,63c3cd051a491b0017062b2b,649fbf3a061c49001bb67a1a,1.0
4466,63c1178d2381e7001bf38f10,63c3cd051a491b0017062b2b,649fbf3a061c49001bb67a1d,0.5672738894215404
4473,63c1178d2381e7001bf38f10,63c3cd051a491b0017062b2b,649fbf3a061c49001bb67a22,0.3727678571428571
4480,63c1178d2381e7001bf38f10,63c3cd051a491b0017062b2b,65844703c8adce00170d41c4,0.8285714285714285
4487,63c6330732e68a001bf818e9,63c64a4532e68a001bf81950,64187c0e000683001750ede8,0.7377478842996084
4494,63c6330732e68a001bf818e9,63c64a4532e68a001bf81950,64187c0e000683001750edfa,0.3886002886002886
4501,63c6330732e68a001bf818e9,63c64a4532e68a001bf81950,64187c0e000683001750ee0f,0.8777472527472527
4508,63c6330732e68a001bf818e9,63c64a4532e68a001bf81950,64187c0e000683001750ee22,0.6756313131313131
4515,63c6330732e68a001bf818e9,63c64a4532e68a001bf81950,64187c0e000683001750ee81,0.2952380952380952
4522,63c6330732e68a001bf818e9,6426c6cf4f2d2a0017ab18c5,646ca53131db0c0017371eb6,0.40476190476190477
4529,63c6330732e68a001bf818e9,6426c6cf4f2d2a0017ab18c5,646ca53131db0c0017371ebb,0.5277056277056278
4536,63c6330732e68a001bf818e9,6426c6cf4f2d2a0017ab18c5,646ca53131db0c0017371ed7,0.6761904761904762
4543,63c6330732e68a001bf818e9,6426c6cf4f2d2a0017ab18c5,646ca53131db0c0017371ef0,0.6063492063492063
4550,63c6d78c4ebc220017707425,63c6dce8f58273001770fed6,64b54ff401ea73001731a697,1.0
4557,63c6d78c4ebc220017707425,63c6dce8f58273001770fed6,64b54ff401ea73001731a69e,0.7142857142857143
4564,63c6d78c4ebc220017707425,63c6dce8f58273001770fed6,64b54ff401ea73001731a6a0,1.0
4571,63c6d78c4ebc220017707425,63c6dce8f58273001770fed6,64b54ff401ea73001731a6a7,0.402081362346263
4578,63c6d78c4ebc220017707425,63c6dce8f58273001770fed6,64b54ff401ea73001731a6a9,0.9359243697478992
4585,63c6d78c4ebc220017707425,63c6dce8f58273001770fed6,64b54ff401ea73001731a6b0,0.2857142857142857
4592,63c6d78c4ebc220017707425,63c6dce8f58273001770fed6,64b54ff401ea73001731a6b9,0.5542857142857143
4599,63d74931822179001b3c8320,6482cf0fbbb87900179650fb,648306824f5bd6001ba34762,0.5562770562770563
4606,63d74931822179001b3c8320,6482cf0fbbb87900179650fb,648306824f5bd6001ba34771,0.42207792207792216
4613,63d74931822179001b3c8320,6482cf0fbbb87900179650fb,648306824f5bd6001ba34779,0.5535714285714286
4620,63d74931822179001b3c8320,6482cf0fbbb87900179650fb,648306d34f5bd6001ba34816,0.5725902668759812
4627,63d74931822179001b3c8320,6482cf0fbbb87900179650fb,648306d44f5bd6001ba34848,0.41774891774891765
4634,63d74931822179001b3c8320,6482d8614f5bd6001ba34682,64830cb24f5bd6001ba34906,0.796822225393654
4641,63d74931822179001b3c8320,64eca95e15331c001857629b,65717d8b187602001bd26641,1.0
4648,63e21aaa13c9aa0017df748a,63e222e759a23f001b7f31a6,641e96130360260017dc33a2,0.2857142857142857
4655,63e21aaa13c9aa0017df748a,63e222e759a23f001b7f31a6,641e96130360260017dc33a4,0.2857142857142857
4662,63e21aaa13c9aa0017df748a,63e222e759a23f001b7f31a6,641e96130360260017dc33a8,0.33613087636076144
4669,63e21aaa13c9aa0017df748a,63e222e759a23f001b7f31a6,641e96130360260017dc33a9,0.4379905808477237
4676,63e21aaa13c9aa0017df748a,63e222e759a23f001b7f31a6,641e96130360260017dc33ab,0.4095238095238096
4683,63e21aaa13c9aa0017df748a,63e222e759a23f001b7f31a6,641e96130360260017dc33b1,0.2857142857142857
4690,63e21aaa13c9aa0017df748a,63e2281213c9aa0017df74da,641e9879b5b03800179fd26d,0.5714285714285714
4697,63e21aaa13c9aa0017df748a,63e2281213c9aa0017df74da,641e9879b5b03800179fd280,0.5
4704,63e21aaa13c9aa0017df748a,63e2281213c9aa0017df74da,643fa4b07522fc001b59c5b3,0.2857142857142857
4711,63e21aaa13c9aa0017df748a,63e22ad013c9aa0017df74ec,641c3798e3642c00174287de,0.2857142857142857
4718,63e21aaa13c9aa0017df748a,63e22ad013c9aa0017df74ec,641c3798e3642c00174287f2,0.4223665223665224
4725,63e21aaa13c9aa0017df748a,63e22ad013c9aa0017df74ec,641c3798e3642c0017428805,0.3571428571428571
4732,63e21aaa13c9aa0017df748a,63e22ad013c9aa0017df74ec,641c3799e3642c001742881c,0.8881416202844774
4739,63e21aaa13c9aa0017df748a,63e2384659a23f001b7f3207,641e9a19b5b03800179fd372,0.827208722107476
4746,63e21aaa13c9aa0017df748a,63e2384659a23f001b7f3207,641e9a19b5b03800179fd375,0.6905503194606234
4753,63e21aaa13c9aa0017df748a,63e2384659a23f001b7f3207,641e9a19b5b03800179fd38a,0.7551020408163265
4760,63e21aaa13c9aa0017df748a,63e2384659a23f001b7f3207,641e9a19b5b03800179fd38e,0.5571428571428572
4767,63e21aaa13c9aa0017df748a,63e23c7059a23f001b7f3221,65c0697e68b321001b362d39,0.6428571428571428
4774,63e21aaa13c9aa0017df748a,63e23c7059a23f001b7f3221,65c0697e68b321001b362d46,0.2857142857142857
4781,63e21aaa13c9aa0017df748a,63e23d9b13c9aa0017df7547,646b71841c18ac0017efb85a,0.6252834467120181
4788,63e21aaa13c9aa0017df748a,63e23e9359a23f001b7f322a,641c0e791fed8e001bf4e6fd,0.3142857142857143
4795,63e21aaa13c9aa0017df748a,63e23e9359a23f001b7f322a,641c0e791fed8e001bf4e72b,0.5658730158730159
4802,63e21aaa13c9aa0017df748a,63e23e9359a23f001b7f322a,641c0e791fed8e001bf4e72f,0.5728458049886621
4809,63e21aaa13c9aa0017df748a,641bfe4b1e0eb70017fe2d80,641c2ecbe3642c0017428534,0.37142857142857133
4816,63e21aaa13c9aa0017df748a,641bfe4b1e0eb70017fe2d80,641c2ecbe3642c0017428535,0.6369047619047619
4823,63e21aaa13c9aa0017df748a,641bfe4b1e0eb70017fe2d80,641c2ecbe3642c0017428536,0.4860347985347985
4830,63e21aaa13c9aa0017df748a,641bfe4b1e0eb70017fe2d80,641c2ecbe3642c0017428538,0.5689548546691404
4837,63e21aaa13c9aa0017df748a,641bfe4b1e0eb70017fe2d80,655c622f5346e5001b55d80c,0.5048701298701299
4844,63e21aaa13c9aa0017df748a,647448cd0f0ad20017ed7fd0,6574049a187602001bd26734,0.5909090909090908
4851,6415a00cc6ab30001bd33a1b,6415b3f83bb5a10017818814,6572b15cdf6df0001bf7916c,0.4285714285714286
4858,64243be351a18d00178c824d,64eca95e15331c001857629b,64ecac284157930017b0de3f,1.0
4865,64243be351a18d00178c824d,65ab8097cf187c001b58978c,65aca68f4b3afc001b9b8db2,0.5953463203463204
4872,64243be351a18d00178c824d,65ab8097cf187c001b58978c,65aca6904b3afc001b9b8dc0,0.572542312759704
4879,64243be351a18d00178c824d,65ab8097cf187c001b58978c,65aca6904b3afc001b9b8dd0,0.5816326530612245
4886,64243be351a18d00178c824d,65ab8097cf187c001b58978c,65aca6904b3afc001b9b8dde,0.5023809523809524
4893,64243be351a18d00178c824d,65ab8097cf187c001b58978c,65aca6904b3afc001b9b8ddf,0.5523809523809524
4900,64243be351a18d00178c824d,65ab8097cf187c001b58978c,65aca6904b3afc001b9b8dee,0.6410043494442472
4907,64243be351a18d00178c824d,65ab8097cf187c001b58978c,65aca6904b3afc001b9b8def,0.7629878270082848
4914,6438cce9f4b0750017cef0d4,644bcccc771e45001ba06e78,645a464ab022c7001bd4d56f,0.2857142857142857
4921,6438cce9f4b0750017cef0d4,644bcccc771e45001ba06e78,645a464ab022c7001bd4d586,0.5238095238095238
4928,6438cce9f4b0750017cef0d4,644bcccc771e45001ba06e78,64804c56d3a8f0001b7210ca,0.38095238095238104
4935,6438cce9f4b0750017cef0d4,644bd7cac414000017145aba,645a48dfb022c7001bd4d73c,0.7047619047619047
4942,6438cce9f4b0750017cef0d4,644bd7cac414000017145aba,645a48dfb022c7001bd4d741,0.4013605442176872
4949,6438cce9f4b0750017cef0d4,644bd7cac414000017145aba,645a48dfb022c7001bd4d753,0.4908008658008658
4956,6438cce9f4b0750017cef0d4,644bd7cac414000017145aba,645a48dfb022c7001bd4d754,0.7857142857142857
4963,6438cce9f4b0750017cef0d4,644bd7cac414000017145aba,645a48dfb022c7001bd4d760,0.34285714285714286
4970,6438cce9f4b0750017cef0d4,644bd7cac414000017145aba,645a48dfb022c7001bd4d76a,0.5816326530612245
4977,6438cce9f4b0750017cef0d4,644bd7cac414000017145aba,653f44646fef4c001b324cb9,0.49523809523809514
4984,6438cce9f4b0750017cef0d4,644cb166d65fa8001bc2b9da,6463840e5aa7790017bc2c3b,0.5108225108225108
4991,6438cce9f4b0750017cef0d4,644cb166d65fa8001bc2b9da,6463840e5aa7790017bc2c3d,0.4285714285714286
4998,6438cce9f4b0750017cef0d4,644cb166d65fa8001bc2b9da,64c100c4ad22410017686e49,0.6000000000000001
5005,643cf44898053e001775ee0d,643cfc0ed554e7001b4d14ef,643d0c67f1100d001b133815,0.6003401360544218
5012,643cf44898053e001775ee0d,643cfc0ed554e7001b4d14ef,643d0c67f1100d001b133825,0.4825396825396825
5019,643cf44898053e001775ee0d,643cfc0ed554e7001b4d14ef,643d0c67f1100d001b133826,0.6306122448979592
5026,643cf44898053e001775ee0d,643cfc0ed554e7001b4d14ef,643d0c67f1100d001b133831,0.5446428571428572
5033,643cf44898053e001775ee0d,643cfc0ed554e7001b4d14ef,644239f74dc3fb001b509fe7,1.0
5040,644676f0a582a6001ba346f1,64467e6b4cf60900175ee9a1,6446814b808e5d001bacc663,0.7407309029207843
5047,64490badf3d62b0017653986,643e13ba8ca2b200111ea7ad,645b25d098151e001b1f11fd,0.5269841269841269
5054,64490badf3d62b0017653986,643e13ba8ca2b200111ea7ad,645b25d198151e001b1f1223,0.2857142857142857
5061,64490badf3d62b0017653986,643e13ba8ca2b200111ea7ad,645b25d198151e001b1f1226,0.4285714285714286
5068,64490badf3d62b0017653986,643e13ba8ca2b200111ea7ad,645b25d198151e001b1f122d,0.2857142857142857
5075,64490badf3d62b0017653986,643e13ba8ca2b200111ea7ad,645b25d198151e001b1f122e,0.3928571428571429
5082,64490badf3d62b0017653986,643e13ba8ca2b200111ea7ad,645b25d198151e001b1f1230,0.2857142857142857
5089,64490badf3d62b0017653986,643e13ba8ca2b200111ea7ad,646f0b7fdab717001b9491c6,0.38186813186813195
5096,64490badf3d62b0017653986,643e13ba8ca2b200111ea7ad,646f0bd20ecce000177541c1,0.2925170068027211
5103,64490badf3d62b0017653986,644906431deed7001b34d0ff,645b18f4b022c7001bd4d9ac,0.3571428571428571
5110,64490badf3d62b0017653986,644906431deed7001b34d0ff,645b18f4b022c7001bd4d9cd,0.5142857142857142
5117,64490badf3d62b0017653986,644906431deed7001b34d0ff,64929e87c208e20018b25318,0.33333333333333337
5124,64490badf3d62b0017653986,644906431deed7001b34d0ff,64929f45b905e8001b5ae5d9,0.5357142857142857
5131,64490badf3d62b0017653986,644906431deed7001b34d0ff,64929f9bc208e20018b2531b,0.6547619047619048
5138,64490badf3d62b0017653986,644906431deed7001b34d0ff,64929feed0dea40017cdc6cb,0.33333333333333337
5145,64490badf3d62b0017653986,64685c04da814f001bd5fe00,646860c58fdafe0017658656,0.6930926216640503
5152,64490c07caa52b001cf01ddb,64492bd9ea2064001b2a009f,646855bd8fdafe001765852e,0.3571428571428571
5159,64490c07caa52b001cf01ddb,64492bd9ea2064001b2a009f,646855bd8fdafe001765855f,0.7952380952380953
5166,64490c07caa52b001cf01ddb,64492bd9ea2064001b2a009f,646855bd8fdafe0017658560,0.4112554112554113
5173,64490c07caa52b001cf01ddb,644ce7b1e29f13001b32f3f3,6476d05e4e484b001b3e15fa,0.40476190476190477
5180,64490c07caa52b001cf01ddb,644ce7b1e29f13001b32f3f3,6476d05e4e484b001b3e160c,0.4285714285714286
5187,64490c07caa52b001cf01ddb,644ce7b1e29f13001b32f3f3,6476d05e4e484b001b3e162a,0.6374149659863946
5194,64490c07caa52b001cf01ddb,644ce7b1e29f13001b32f3f3,6476d05e4e484b001b3e16ad,0.3571428571428571
5201,64490c07caa52b001cf01ddb,644ce7b1e29f13001b32f3f3,6486e259713b73001bacb949,0.38928571428571423
5208,64490c07caa52b001cf01ddb,645239cc903ab4001704a04e,645a6b44b022c7001bd4d88a,0.2857142857142857
5215,64490c07caa52b001cf01ddb,645239cc903ab4001704a04e,645a6b44b022c7001bd4d88d,0.2857142857142857
5222,64490c07caa52b001cf01ddb,645239cc903ab4001704a04e,645a6b44b022c7001bd4d890,0.7224118885883593
5229,64490c07caa52b001cf01ddb,645239cc903ab4001704a04e,645a6b44b022c7001bd4d894,0.4685110267681284
5236,64490c07caa52b001cf01ddb,645239cc903ab4001704a04e,645a6b44b022c7001bd4d897,0.326530612244898
5243,64490c07caa52b001cf01ddb,645239cc903ab4001704a04e,64ba141403d924001b2495cc,0.546911421911422
5250,64490c07caa52b001cf01ddb,64523ddd7b196c00173b8afe,649920368a5b970017ac7b02,0.5
5257,64490c07caa52b001cf01ddb,64523ddd7b196c00173b8afe,649920368a5b970017ac7b0d,0.47619047619047616
5264,64490c07caa52b001cf01ddb,64523ddd7b196c00173b8afe,649920368a5b970017ac7b18,0.32773109243697474
5271,64490c07caa52b001cf01ddb,64523ddd7b196c00173b8afe,649920368a5b970017ac7b22,0.2857142857142857
5278,64490c07caa52b001cf01ddb,645387b802b2d10017df3f6a,6481660ec73282001b0a2dc2,0.37414965986394555
5285,64490c07caa52b001cf01ddb,645387b802b2d10017df3f6a,6481660ec73282001b0a2dc6,0.707421563943303
5292,64490c07caa52b001cf01ddb,645387b802b2d10017df3f6a,6481660ec73282001b0a2dca,0.4770408163265306
5299,64490c07caa52b001cf01ddb,645387b802b2d10017df3f6a,6481660ec73282001b0a2dd1,0.8225750049572602
5306,64490c07caa52b001cf01ddb,645387b802b2d10017df3f6a,6481660ec73282001b0a2dd2,0.7857142857142857
5313,64490c07caa52b001cf01ddb,645387b802b2d10017df3f6a,6481660ec73282001b0a2ddf,0.2857142857142857
5320,64490c07caa52b001cf01ddb,645387b802b2d10017df3f6a,6481660ec73282001b0a2de0,0.6190476190476191
5327,64490c07caa52b001cf01ddb,645387b802b2d10017df3f6a,6481660ec73282001b0a2de1,0.4
5334,64490c07caa52b001cf01ddb,645387b802b2d10017df3f6a,6481660ec73282001b0a2dec,0.30519480519480524
5341,64490c07caa52b001cf01ddb,645387b802b2d10017df3f6a,6481660ec73282001b0a2ded,0.40476190476190477
5348,64490c07caa52b001cf01ddb,645387b802b2d10017df3f6a,6481660ec73282001b0a2def,0.2857142857142857
5355,64490c07caa52b001cf01ddb,645387b802b2d10017df3f6a,6481660ec73282001b0a2dfb,0.4642857142857143
5362,64490c07caa52b001cf01ddb,645387b802b2d10017df3f6a,651fee8feec3370017fdb509,0.2857142857142857
5369,64490c07caa52b001cf01ddb,645391c17b196c00173b9192,645b380851dc99001b017b02,0.5984711779448622
5376,64490c07caa52b001cf01ddb,645391c17b196c00173b9192,645b380851dc99001b017b08,0.79039692800197
5383,64490c07caa52b001cf01ddb,645391c17b196c00173b9192,645b380851dc99001b017b29,0.423469387755102
5390,64490c07caa52b001cf01ddb,645391c17b196c00173b9192,647472bf94605300172c18c4,0.796386684355006
5397,64490c07caa52b001cf01ddb,6453994c7b196c00173b91a8,645b2fe551dc99001b0179cc,0.40816326530612257
5404,64490c07caa52b001cf01ddb,6453994c7b196c00173b91a8,645b2fe651dc99001b0179ed,0.7637362637362637
5411,64490c3f53b9bd001797d106,64413e2a7522fc001b59cf13,6475a09b808a460017bb3510,0.4285714285714286
5418,64490c3f53b9bd001797d106,64413e2a7522fc001b59cf13,6475a09b808a460017bb3514,0.2857142857142857
5425,64490c3f53b9bd001797d106,64413e2a7522fc001b59cf13,6475a09b808a460017bb3515,0.2857142857142857
5432,64490c3f53b9bd001797d106,64413e2a7522fc001b59cf13,6475a09b808a460017bb3517,0.6281440781440781
5439,64490c3f53b9bd001797d106,64413e2a7522fc001b59cf13,6475a09b808a460017bb3518,0.38707482993197284
5446,64490c3f53b9bd001797d106,64413e2a7522fc001b59cf13,6475a09b808a460017bb351b,0.3492063492063492
5453,64490c3f53b9bd001797d106,64413e2a7522fc001b59cf13,6475a09b808a460017bb351e,0.2857142857142857
5460,64490c3f53b9bd001797d106,64413e2a7522fc001b59cf13,6475a09b808a460017bb3525,0.40816326530612257
5467,64490c3f53b9bd001797d106,64413e2a7522fc001b59cf13,6475a09b808a460017bb3526,0.8642201362150211
5474,64490c3f53b9bd001797d106,64413e2a7522fc001b59cf13,6475a09b808a460017bb352a,0.5448979591836736
5481,64490c3f53b9bd001797d106,64413e2a7522fc001b59cf13,6475a09b808a460017bb352f,0.5452885021892286
5488,64490c3f53b9bd001797d106,64413e2a7522fc001b59cf13,6475a09b808a460017bb3534,0.746031746031746
5495,64490c3f53b9bd001797d106,64413e2a7522fc001b59cf13,6475a09b808a460017bb353a,0.3125
5502,64490c3f53b9bd001797d106,644bbe23771e45001ba06e3e,64a782069fc246001b175aa6,0.8441558441558441
5509,64490c3f53b9bd001797d106,644bbe23771e45001ba06e3e,64a782069fc246001b175aa7,0.7142857142857143
5516,64490c3f53b9bd001797d106,644bbe23771e45001ba06e3e,64a782069fc246001b175aaa,0.9523809523809523
5523,64490c3f53b9bd001797d106,644bbe23771e45001ba06e3e,64a782069fc246001b175aab,1.0
5530,64490c3f53b9bd001797d106,644bbe23771e45001ba06e3e,64a782069fc246001b175aad,0.8571428571428572
5537,64490c3f53b9bd001797d106,644bbe23771e45001ba06e3e,64a782069fc246001b175ab0,0.34693877551020413
5544,64490c3f53b9bd001797d106,644bbe23771e45001ba06e3e,64a782069fc246001b175ab3,0.2857142857142857
5551,64490c3f53b9bd001797d106,644bbe23771e45001ba06e3e,64a782069fc246001b175ab4,0.9238095238095239
5558,64490c3f53b9bd001797d106,644bbe23771e45001ba06e3e,64a782069fc246001b175abe,0.4285714285714286
5565,64490c3f53b9bd001797d106,644bbe23771e45001ba06e3e,64a782069fc246001b175abf,0.8095238095238095
5572,64490c3f53b9bd001797d106,644bbe23771e45001ba06e3e,64a782069fc246001b175ac2,0.4285714285714286
5579,64490c3f53b9bd001797d106,644bbe23771e45001ba06e3e,64a782079fc246001b175ad1,0.4285714285714286
5586,64490c3f53b9bd001797d106,644bbe23771e45001ba06e3e,64a782079fc246001b175ad3,0.2857142857142857
5593,64490c3f53b9bd001797d106,644bbe23771e45001ba06e3e,64a782079fc246001b175ad5,0.4285714285714286
5600,64490c3f53b9bd001797d106,644bbe23771e45001ba06e3e,64a782079fc246001b175ad6,0.4285714285714286
5607,64490c3f53b9bd001797d106,644bbe23771e45001ba06e3e,64a782079fc246001b175ade,0.7904761904761904
5614,64490c3f53b9bd001797d106,644bbe23771e45001ba06e3e,64a782079fc246001b175ae0,0.6666666666666667
5621,64490c3f53b9bd001797d106,644bbe23771e45001ba06e3e,64a782079fc246001b175ae1,0.4285714285714286
5628,64490c3f53b9bd001797d106,644bbe23771e45001ba06e3e,64a782079fc246001b175b01,0.9047619047619048
5635,64490c3f53b9bd001797d106,644bbe23771e45001ba06e3e,64a782079fc246001b175b02,0.6071428571428572
5642,645b817d1475d3001bfa4b73,645b8e694e3c4b0017e6aa8b,645b926765565f001aba38c2,0.5936507936507938
5649,645b817d1475d3001bfa4b73,645b8e694e3c4b0017e6aa8b,645b926765565f001aba38c4,0.6377551020408163
5656,645b817d1475d3001bfa4b73,645b8e694e3c4b0017e6aa8b,645b926765565f001aba38d4,0.6587301587301587
5663,645b817d1475d3001bfa4b73,645b8e694e3c4b0017e6aa8b,645b926765565f001aba3900,0.5296276405298962
5670,6464fc41af9792001b3e0fcd,646508cc1bf3a6001b7b9e84,648eebc9c0a7c7001714d58b,1.0
5677,6464fc41af9792001b3e0fcd,646508cc1bf3a6001b7b9e84,648eebc9c0a7c7001714d591,1.0
5684,6464fc41af9792001b3e0fcd,64650da5f7de5800171f7fee,648f03a35b226e0017462a8b,0.7717075209398279
5691,6464fc41af9792001b3e0fcd,64650da5f7de5800171f7fee,648f03a35b226e0017462a97,0.6537378329206394
5698,6464fc41af9792001b3e0fcd,64650da5f7de5800171f7fee,648f03a35b226e0017462aa2,0.6209343954429145
5705,6464fc41af9792001b3e0fcd,64650da5f7de5800171f7fee,648f03a35b226e0017462aad,0.2857142857142857
5712,6464fc41af9792001b3e0fcd,64650da5f7de5800171f7fee,648ff83163ca52001b3bee5b,0.6975425477085458
5719,6464fc41af9792001b3e0fcd,64650da5f7de5800171f7fee,648ffc4040e315001b2a0d38,0.6141798411501305
5726,6464fc41af9792001b3e0fcd,64650da5f7de5800171f7fee,649955d4299d91001b7a4be2,0.8571428571428572
5733,6464fc41af9792001b3e0fcd,64651206f7de5800171f800a,648ffd97902651001b5a5234,0.2857142857142857
5740,6464fc41af9792001b3e0fcd,64651206f7de5800171f800a,648ffdaf40e315001b2a0d61,0.6920339926727141
5747,6464fc41af9792001b3e0fcd,64651206f7de5800171f800a,648ffe04902651001b5a523b,0.4865027829313544
5754,6464fc41af9792001b3e0fcd,64651206f7de5800171f800a,648ffe3863ca52001b3befb3,0.2857142857142857
5761,6464fc41af9792001b3e0fcd,64651206f7de5800171f800a,648ffed240e315001b2a0d6b,0.8390619405656999
5768,6464fc41af9792001b3e0fcd,64651206f7de5800171f800a,648fff63902651001b5a526f,0.5987682951968667
5775,6464fc41af9792001b3e0fcd,64651206f7de5800171f800a,6490044b902651001b5a531b,0.3945578231292517
5782,6464fc41af9792001b3e0fcd,6465a15f1bf3a6001b7b9fa4,648eec56e42a8f00174bf19e,0.6428571428571428
5789,6464fc41af9792001b3e0fcd,6465a15f1bf3a6001b7b9fa4,648eec56e42a8f00174bf19f,0.5372405372405372
5796,6464fc41af9792001b3e0fcd,6465a15f1bf3a6001b7b9fa4,648eec56e42a8f00174bf1a9,0.5238095238095238
5803,6464fc41af9792001b3e0fcd,6465a15f1bf3a6001b7b9fa4,648eec56e42a8f00174bf1b3,0.6774891774891776
5810,6464fc41af9792001b3e0fcd,6465a15f1bf3a6001b7b9fa4,648eec56e42a8f00174bf1b4,0.4198505576056597
5817,6464fc41af9792001b3e0fcd,6465a15f1bf3a6001b7b9fa4,648eec56e42a8f00174bf1b5,0.7672902494331066
5824,6464fc41af9792001b3e0fcd,6465a15f1bf3a6001b7b9fa4,648eec56e42a8f00174bf1b9,0.8010204081632653
5831,6464fc41af9792001b3e0fcd,6465a15f1bf3a6001b7b9fa4,648eec56e42a8f00174bf1be,0.3339084426040948
5838,6464fc41af9792001b3e0fcd,6465a15f1bf3a6001b7b9fa4,648eec56e42a8f00174bf1c4,0.5373376623376623
5845,6464fc41af9792001b3e0fcd,6465a15f1bf3a6001b7b9fa4,648eec56e42a8f00174bf1cb,0.3571428571428571
5852,6464fc41af9792001b3e0fcd,6465a15f1bf3a6001b7b9fa4,64900595902651001b5a5325,0.4892230576441102
5859,6464fc41af9792001b3e0fcd,6465a15f1bf3a6001b7b9fa4,6490f70208236d0011e16977,0.6886446886446886
5866,6464fc41af9792001b3e0fcd,6465a15f1bf3a6001b7b9fa4,6490f70208236d0011e16982,0.808974358974359
5873,6464fc41af9792001b3e0fcd,6465a15f1bf3a6001b7b9fa4,6490f70208236d0011e1698c,0.7142857142857143
5880,6464fc41af9792001b3e0fcd,6465a15f1bf3a6001b7b9fa4,65531c2eaacd6b001bc622ca,0.5182496075353218
5887,6464fc41af9792001b3e0fcd,6465a15f1bf3a6001b7b9fa4,65531f40dceb84001bd878c5,0.7856677670622471
5894,6464fc41af9792001b3e0fcd,6465b6781bf3a6001b7ba09c,648ee628955d1a001b6baf84,0.6365553930881449
5901,6464fc41af9792001b3e0fcd,6465d005049d0c001b029ab4,648ef7566cf94400176db38a,0.4513250517598343
5908,6464fc41af9792001b3e0fcd,6465d005049d0c001b029ab4,648ef7566cf94400176db391,0.2788502788502789
5915,6464fc41af9792001b3e0fcd,6465d005049d0c001b029ab4,648ef7566cf94400176db39d,0.5543461829176115
5922,6464fc41af9792001b3e0fcd,6465d005049d0c001b029ab4,648ef7566cf94400176db39e,0.7107855611880379
5929,6464fc41af9792001b3e0fcd,6465d005049d0c001b029ab4,648ef7566cf94400176db3a0,0.6074776938747527
5936,6464fc41af9792001b3e0fcd,6465d005049d0c001b029ab4,648ef7566cf94400176db3b1,0.6700680272108843
5943,6464fc41af9792001b3e0fcd,6465d005049d0c001b029ab4,648ef7566cf94400176db3c2,0.7469664689052444
5950,6464fc41af9792001b3e0fcd,6465d005049d0c001b029ab4,649003a863ca52001b3bf057,0.5249999999999999
5957,6464fc41af9792001b3e0fcd,6465d01a822e2f0017d41cd5,649a6d3cd84e7000118eec21,0.8417119933972361
5964,6464fc41af9792001b3e0fcd,6465e81cf7de5800171f83cd,648ed41be42a8f00174bed27,0.690676217921988
5971,6464fc41af9792001b3e0fcd,648d4ec3c0a7c7001714cd54,648f1dbbe42a8f00174bfa3b,0.8067643325272693
5978,6464fc41af9792001b3e0fcd,648d4ec3c0a7c7001714cd54,649137c58fd4f00011ab99e1,0.5377512731171268
5985,6464fc41af9792001b3e0fcd,648d66e1e42a8f00174beb94,648f1b53e42a8f00174bf8ec,0.2857142857142857
5992,6464fc41af9792001b3e0fcd,648d66e1e42a8f00174beb94,648f1b53e42a8f00174bf915,0.2857142857142857
5999,6464fc41af9792001b3e0fcd,64b11aecd77d600017f4d07a,655af8245346e5001b55d6b0,0.6522227348840253
6006,6464fc41af9792001b3e0fcd,64b11aecd77d600017f4d07a,655af8ee57836300176aff77,0.8669726241154813
6013,6464fc41af9792001b3e0fcd,64b11aecd77d600017f4d07a,655af9c7f792cb001751cb00,0.9485866082425091
6020,6464fc41af9792001b3e0fcd,657d79a527146400174d2bd3,657d86b3e05334001b8e32d9,0.5714285714285714
6027,6464fc41af9792001b3e0fcd,657d79a527146400174d2bd3,657d86b3e05334001b8e32e3,0.7142857142857143
6034,6464fc41af9792001b3e0fcd,657d79a527146400174d2bd3,657d86b3e05334001b8e32e4,0.6756306235922726
6041,6464fc41af9792001b3e0fcd,657d79a527146400174d2bd3,657d86b3e05334001b8e32ef,0.8936552129075493
6048,6464fc41af9792001b3e0fcd,657d79a527146400174d2bd3,65b74a4bf0aef70017a24be2,0.6618065509369857
6055,6464fc41af9792001b3e0fcd,657d79a527146400174d2bd3,65b74acbf0aef70017a24be5,0.7695273174663422
6062,6464fc41af9792001b3e0fcd,657fdf04e05334001b8e3475,657fe924d9dbf9001bbe22c7,0.7138573192272721
6069,6464fc41af9792001b3e0fcd,657fdf04e05334001b8e3475,6582e63dc8adce00170d4095,0.7706766917293233
6076,6464fc41af9792001b3e0fcd,657fdf04e05334001b8e3475,65ae18ebf9bfa9001b5352dd,0.5575757575757576
6083,6464fc41af9792001b3e0fcd,657fdf04e05334001b8e3475,65b9f39d412231001afb4128,0.4047619047619049
6090,6464fc41af9792001b3e0fcd,6582c55bc8adce00170d405d,6582ca0bc8adce00170d4065,0.29670329670329665
6097,6464fc41af9792001b3e0fcd,6582c55bc8adce00170d405d,6582ca5ec8adce00170d406a,0.3872180451127819
6104,6479e33478c3a10017910b46,6479f89811f872001b0dfc50,64a527d166e83c001b1a5f54,0.3571428571428571
6111,6479e33478c3a10017910b46,6479f89811f872001b0dfc50,64a527d166e83c001b1a5f7e,0.5714285714285714
6118,6479e33478c3a10017910b46,647acb9211f872001b0dfc82,64a6739b62e4f0001ce28c57,0.34285714285714286
6125,6479e33478c3a10017910b46,647acb9211f872001b0dfc82,64a6739b62e4f0001ce28c65,0.43543956043956045
6132,6479e33478c3a10017910b46,647acb9211f872001b0dfc82,64a6739b62e4f0001ce28c67,0.6891414141414142
6139,6479e33478c3a10017910b46,647acb9211f872001b0dfc82,64a6739b62e4f0001ce28c73,0.7520301579307791
6146,6479e33478c3a10017910b46,647acb9211f872001b0dfc82,64a6739b62e4f0001ce28c8f,0.5939909297052154
6153,6479e33478c3a10017910b46,647acb9211f872001b0dfc82,64a6739b62e4f0001ce28c9b,0.8252693385046326
6160,6479e33478c3a10017910b46,647acb9211f872001b0dfc82,64a6739b62e4f0001ce28ca7,0.4285714285714286
6167,6479e33478c3a10017910b46,64842a89b97cb9001bf1973e,64be538e887def001b94071f,0.34285714285714286
6174,6486ebeef6cb64001b903ee1,6488107f61825300175e90c2,64c4bb7ece8a4d0011564fab,0.2857142857142857
6181,6486ebeef6cb64001b903ee1,6488107f61825300175e90c2,64c4bb7ece8a4d0011564fc0,0.30612244897959173
6188,6486ebeef6cb64001b903ee1,6488107f61825300175e90c2,64c4bb7ece8a4d0011564fc3,0.5291659559952242
6195,6486ebeef6cb64001b903ee1,6488107f61825300175e90c2,64c4bb7ece8a4d0011564fce,0.6244684108461198
6202,6486ebeef6cb64001b903ee1,6488107f61825300175e90c2,64c4bb7ece8a4d0011564fd2,0.5439141454119415
6209,6486ebeef6cb64001b903ee1,6488107f61825300175e90c2,64c4bb7ece8a4d0011564fd7,0.42197802197802203
6216,6486ebeef6cb64001b903ee1,6488107f61825300175e90c2,64c4bb7ece8a4d0011564fdd,0.39737274220032837
6223,6486ebeef6cb64001b903ee1,6488107f61825300175e90c2,656ed1aa866352001796217c,0.2857142857142857
6230,6486ebeef6cb64001b903ee1,64881d2e61825300175e9116,64e5f5b7bbddd9001b5763f3,0.45952380952380945
6237,6486ebeef6cb64001b903ee1,64881d2e61825300175e9116,64e5f5b7bbddd9001b576405,0.7285714285714286
6244,6486ebeef6cb64001b903ee1,64881d2e61825300175e9116,64e5f5b7bbddd9001b57640b,0.2857142857142857
6251,6486ebeef6cb64001b903ee1,6488235861825300175e912a,64ca219d177eff001133ffbf,0.8086325439266616
6258,6486ebeef6cb64001b903ee1,64886a50b74dd00017010eaf,64ec64fdc7d935001bb538a8,0.5571428571428572
6265,64a6780d79c3110017664495,64a695941f62d6001b2a1656,659e3d59b1bc68001a7d2d00,0.8571428571428572
6272,64a6780d79c3110017664495,64a695941f62d6001b2a1656,659e3d59b1bc68001a7d2d0e,0.8571428571428572
6279,64a6780d79c3110017664495,64a695941f62d6001b2a1656,659e3d59b1bc68001a7d2d1c,0.8571428571428572
6286,64a6780d79c3110017664495,64a695941f62d6001b2a1656,659e3d59b1bc68001a7d2d1e,1.0
6293,64a6780d79c3110017664495,64a695941f62d6001b2a1656,659e3d59b1bc68001a7d2d1f,1.0
6300,64a6780d79c3110017664495,64a695941f62d6001b2a1656,659e3d59b1bc68001a7d2d2d,1.0
6307,64a6780d79c3110017664495,64a695941f62d6001b2a1656,659e3d59b1bc68001a7d2d2f,0.8571428571428572
6314,64a6780d79c3110017664495,64a695941f62d6001b2a1656,659e3d59b1bc68001a7d2d3a,1.0
6321,64a6780d79c3110017664495,64a695941f62d6001b2a1656,659e3d59b1bc68001a7d2d3b,1.0
6328,64a6780d79c3110017664495,64a695941f62d6001b2a1656,659e3d59b1bc68001a7d2d3d,0.9349206349206349
6335,64a6780d79c3110017664495,64a695941f62d6001b2a1656,65c476469752d6001b58b1df,1.0
6342,64a67866800adb0017958767,64a699c96bd359001b4c584c,659e427bac85f5001be4c982,1.0
6349,64a67866800adb0017958767,64a699c96bd359001b4c584c,659e427bac85f5001be4c983,1.0
6356,64a67866800adb0017958767,64a699c96bd359001b4c584c,659e427bac85f5001be4c98c,0.8571428571428572
6363,64a67866800adb0017958767,64a699c96bd359001b4c584c,659e427bac85f5001be4c98d,0.8571428571428572
6370,64a67866800adb0017958767,64a699c96bd359001b4c584c,659e427bac85f5001be4c98f,1.0
6377,64a67866800adb0017958767,64a699c96bd359001b4c584c,659e427bac85f5001be4c999,0.8571428571428572
6384,64a67866800adb0017958767,64a699c96bd359001b4c584c,659e427bac85f5001be4c99b,1.0
6391,64a67866800adb0017958767,64a699c96bd359001b4c584c,659e427bac85f5001be4c9a6,1.0
6398,64a67866800adb0017958767,64a699c96bd359001b4c584c,659e427bac85f5001be4c9a8,0.5908289241622575
6405,64a67866800adb0017958767,64a699c96bd359001b4c584c,659e427bac85f5001be4c9b1,0.8571428571428572
6412,64a67866800adb0017958767,64a699c96bd359001b4c584c,659e427bac85f5001be4c9b3,1.0
6419,64a67866800adb0017958767,64a699c96bd359001b4c584c,65a8b5909b47db0017411c41,0.8571428571428572
6426,64ad060cf75c39001b96ada8,64ad0aafb9c825001666838d,65b4a7d2cf187c001b589f6b,0.8387100644342927
6433,64ad060cf75c39001b96ada8,64ad0aafb9c825001666838d,65b4a7ea0b4593001c7abcc7,0.7536999613658653
6440,64ad060cf75c39001b96ada8,64ad0aafb9c825001666838d,65b4a82e8d7d8f001be02f97,0.46170741023682205
6447,64ba09ffe1818b001b3863d6,64d49a53ef91fd001b9727f8,6567332422fb0b001784f771,0.4642857142857143
6454,64ba09ffe1818b001b3863d6,64d49a53ef91fd001b9727f8,6567332422fb0b001784f77e,0.7035592978450121
6461,64ba09ffe1818b001b3863d6,64d49a53ef91fd001b9727f8,6567332422fb0b001784f7a6,0.2857142857142857
6468,64ba09ffe1818b001b3863d6,64d49a53ef91fd001b9727f8,6568357822fb0b001784f86c,0.4285714285714286
6475,64ba09ffe1818b001b3863d6,64d49a53ef91fd001b9727f8,6568357822fb0b001784f873,0.6285714285714286
6482,64ba09ffe1818b001b3863d6,64d49a53ef91fd001b9727f8,6568357822fb0b001784f876,0.5697278911564626
6489,64ba09ffe1818b001b3863d6,64d49a53ef91fd001b9727f8,6568357822fb0b001784f87c,0.4642857142857143
6496,64be88de505f61001b721dea,64c0f5d942b6ea0017698989,64c25004a917da0010c8c6f4,0.8571428571428572
6503,64d61bdc1ab7be001b0c18c7,64ba0f8e431766001bb6dfcc,64ec7f654397810017569c1d,0.8571428571428572
6510,64d61bdc1ab7be001b0c18c7,64ba0f8e431766001bb6dfcc,64ec7f664397810017569c27,0.5785714285714285
6517,64d61bdc1ab7be001b0c18c7,64ba0f8e431766001bb6dfcc,64ec7f664397810017569c3f,0.5952380952380952
6524,64d61bdc1ab7be001b0c18c7,64ba0f8e431766001bb6dfcc,64ec7f664397810017569c48,0.8363124330866266
6531,64d61bdc1ab7be001b0c18c7,65141454dd6af6001b8ef756,651fb812524e73001b9ad7a9,0.5357142857142857
6538,64d61bdc1ab7be001b0c18c7,65141454dd6af6001b8ef756,65c0d1fef0aef70017a2541f,0.2857142857142857
6545,64d61d5f7137f6001b3b8d9b,64ddf35917201a001b2a91e9,64ec6f75babbec001b299ef0,0.4285714285714286
6552,64d61d5f7137f6001b3b8d9b,64ddf35917201a001b2a91e9,64ec6f75babbec001b299ef6,0.38573478171756503
6559,64d61d5f7137f6001b3b8d9b,64ddf35917201a001b2a91e9,64ec6f75babbec001b299f0e,0.5
6566,64d61d5f7137f6001b3b8d9b,64ddf35917201a001b2a91e9,64ec6f75babbec001b299f4e,0.4395031357194831
6573,64d61d5f7137f6001b3b8d9b,64ddf35917201a001b2a91e9,64ec6f75babbec001b299f5d,0.7278911564625851
6580,64d61d5f7137f6001b3b8d9b,64ddf35917201a001b2a91e9,64ec6f75babbec001b299f6c,0.2857142857142857
6587,64dcd37af4de31001b3a8343,652911bdf8d98b001bea9b29,65292dbcb52d90001b98d363,0.6143939393939395
6594,64dcd37af4de31001b3a8343,652911bdf8d98b001bea9b29,65292dbcb52d90001b98d36d,0.6376417233560091
6601,64dcd37af4de31001b3a8343,6571d3d5d98a6d00171a93a7,6571d7a75863b2001be4d778,0.6926222548572779
6608,64dcd37af4de31001b3a8343,6571d3d5d98a6d00171a93a7,6571d7a75863b2001be4d77c,0.7126514690734946
6615,64dcd37af4de31001b3a8343,6571d3d5d98a6d00171a93a7,6571d7a75863b2001be4d786,0.8565601619788812
6622,64dcd37af4de31001b3a8343,6571d3d5d98a6d00171a93a7,6571d7a75863b2001be4d7a6,0.6310776942355889
6629,64dcd37af4de31001b3a8343,65990a9504979b001bbb5bab,6599191b6ec481001b104f7f,0.8571428571428572
6636,64dcd37af4de31001b3a8343,65990a9504979b001bbb5bab,6599193f649b99001be132d9,0.5714285714285714
6643,64dcd37af4de31001b3a8343,65990a9504979b001bbb5bab,659919ac9ce12e0017a2f146,1.0
6650,64deefcd895a9b001b1517a9,63f49b896c60ed001aa08849,64f8029ce7034b001b9df494,0.7139562601023047
6657,64deefcd895a9b001b1517a9,63f49b896c60ed001aa08849,64f8029ce7034b001b9df49c,0.5582222590933392
6664,64deefcd895a9b001b1517a9,63f49b896c60ed001aa08849,650461bdfa3e2f001a6bfeae,0.9354178069695311
6671,64deefcd895a9b001b1517a9,63f49b896c60ed001aa08849,650461ed831d4a001bf5b2de,0.3163265306122449
6678,64deefcd895a9b001b1517a9,63f49b896c60ed001aa08849,650a871cdab1a80016ca85cb,0.2857142857142857
6685,64deefcd895a9b001b1517a9,63f49b896c60ed001aa08849,650a8805d0e353001bddd7cb,0.8285714285714285
6692,64deefcd895a9b001b1517a9,63f49b896c60ed001aa08849,6517b3f97a24dd001be18afa,0.0
6699,64deefcd895a9b001b1517a9,63f49b896c60ed001aa08849,6517b4463e837c001bf6969c,0.1428571428571429
6706,64deefcd895a9b001b1517a9,63f49b896c60ed001aa08849,6517b4f28cb450001ce88023,0.7142857142857143
6713,64deefcd895a9b001b1517a9,63f49b896c60ed001aa08849,6517b53af2bd4f0017e453c9,0.2857142857142857
6720,64deefcd895a9b001b1517a9,63f49b896c60ed001aa08849,65485b32d46bd0001b33f594,0.5238095238095238
6727,64df68855be2dd0017df2e13,64df6f23681c15001b951654,64df774530814500171fec36,0.4047619047619049
6734,64e33cca77a4b10017691075,6397f84ed6a6982bfd8544f7,64e2fd7d07c182001bba0dd0,0.8149625499037731
6741,64e33cca77a4b10017691075,6397f84ed6a6982bfd8544f7,64e2fd7d07c182001bba0ddb,0.686714848417153
6748,64e33cca77a4b10017691075,6397f84ed6a6982bfd8544f7,6503015d9a19670017e15ef2,0.8571428571428572
6755,64e33cca77a4b10017691075,6397f84ed6a6982bfd8544f7,652cde2ddb4ec900177a5e15,0.6031746031746033
6762,64ef112a15331c00185764b6,652fb2cbfeb690001008df8b,6530c1c82e7a44001bd0833a,0.5
6769,64ef112a15331c00185764b6,65990a9504979b001bbb5bab,6599191b6ec481001b104f7f,1.0
6776,64ef112a15331c00185764b6,65990a9504979b001bbb5bab,6599193f649b99001be132d9,1.0
6783,650eaa5d1b1432001b409943,650ead650b6ef7001bcbdca6,6517e4e43a3ee4001bbe23ad,0.39740848720440547
6790,650eaa5d1b1432001b409943,650ead650b6ef7001bcbdca6,6517e4e43a3ee4001bbe23b1,0.4
6797,650eaa5d1b1432001b409943,650ead650b6ef7001bcbdca6,6517e4e43a3ee4001bbe23b5,0.5088477698771816
6804,650eaa5d1b1432001b409943,650ead650b6ef7001bcbdca6,6517e4e43a3ee4001bbe23b9,0.4
